,Cluster 1,Cluster 2,Cluster 3,Cluster 4,Cluster 5,Cluster 6,Cluster 7,,,
1,0.549426334,0.045605666,0.029368809,0.046261724,0.055862498,0.070637189,0.202837778,1,15.55,28.65
2,0.572240729,0.044107226,0.028406871,0.044062185,0.053407793,0.068156256,0.189618941,1,14.9,27.55
3,0.583255157,0.043491368,0.027947225,0.043048995,0.052100855,0.066694964,0.183461436,1,14.45,28.35
4,0.62671047,0.038486567,0.023456339,0.037504905,0.042823749,0.053512994,0.177504976,1,14.15,28.8
5,0.644697332,0.037132111,0.022451669,0.035756104,0.040534246,0.05069257,0.168735969,1,13.75,28.05
6,0.643788465,0.038036488,0.023173946,0.036341065,0.041550967,0.052323651,0.164785419,1,13.35,28.45
7,0.660094722,0.034520061,0.020180496,0.033204893,0.036229284,0.044469342,0.171301202,1,13,29.15
8,0.656620338,0.033623193,0.018959327,0.032361827,0.033797726,0.040597491,0.184040097,1,13.45,27.5
9,0.715240722,0.02874456,0.016041433,0.026981229,0.028079082,0.033975199,0.150937774,1,13.6,26.5
10,0.730173417,0.027819986,0.015523128,0.025846955,0.026954149,0.032751753,0.140930613,1,12.8,27.35
11,0.715136177,0.029998119,0.01705878,0.027897337,0.029688866,0.03640988,0.143810841,1,12.4,27.85
12,0.710415026,0.030783583,0.017600121,0.028590739,0.030601452,0.037643651,0.144365426,1,12.3,28.4
13,0.649755553,0.031687989,0.016383719,0.029974582,0.028304762,0.032658563,0.211234832,1,12.2,28.65
14,0.715453959,0.02679042,0.014073297,0.025019373,0.024276591,0.028481424,0.165904936,1,13.4,25.1
15,0.720596636,0.02711401,0.014608945,0.025383393,0.025372103,0.030150648,0.156774266,1,12.95,25.95
16,0.802287975,0.019579628,0.010165074,0.017702124,0.017149694,0.020307285,0.112808221,1,12.9,26.5
17,0.790682762,0.021874499,0.011617061,0.019652443,0.019530584,0.023427621,0.11321503,1,11.85,27
18,0.762002276,0.025669864,0.013942792,0.023087457,0.023468532,0.028424975,0.123404103,1,11.35,28
19,0.827731183,0.017478289,0.008965617,0.015544758,0.014918603,0.017666996,0.097694554,1,11.15,28.7
20,0.838315637,0.016751492,0.008506765,0.014708724,0.013994804,0.016559408,0.09116317,1,11.25,27.4
21,0.808345724,0.020571218,0.01065802,0.018069588,0.017536865,0.020922809,0.103895776,1,10.75,27.7
22,0.821940269,0.019505268,0.009777687,0.016733007,0.01572946,0.018596411,0.097717899,1,10.5,28.35
23,0.886691178,0.011508216,0.005572818,0.009880727,0.008983836,0.010478617,0.066884608,1,9.65,28.45
24,0.900671061,0.009556592,0.004564111,0.008258359,0.007391795,0.008554892,0.061003191,1,10.25,27.25
25,0.834122557,0.015740266,0.007827185,0.014046323,0.013016888,0.015169479,0.100077303,1,10.75,26.55
26,0.851064783,0.013629411,0.006569194,0.012045335,0.010810404,0.012458105,0.093422767,1,11.7,26.35
27,0.809624009,0.016181455,0.007544805,0.014309098,0.012345869,0.013992292,0.126002471,1,11.6,25.9
28,0.66633061,0.026283818,0.012033913,0.023679773,0.019741083,0.021946856,0.229983946,1,11.9,25.05
29,0.781110196,0.017471363,0.007863395,0.015324371,0.012723733,0.014226749,0.151280192,1,12.6,24.05
30,0.899595911,0.008515726,0.003822321,0.007298498,0.00611506,0.00690175,0.067750735,1,11.9,24.5
31,0.948253289,0.004343529,0.00188557,0.003638131,0.00296468,0.003326119,0.035588682,1,11.1,25.2
32,0.963996789,0.003309052,0.001473085,0.002761382,0.002315783,0.00262942,0.023514489,1,10.55,25.15
33,0.946337685,0.005293905,0.002372456,0.004366939,0.003696879,0.004221257,0.03371088,1,10.05,25.95
34,0.905642596,0.009762728,0.004529918,0.008135145,0.00711484,0.008213271,0.056601501,1,9.35,26.6
35,0.869027907,0.014035911,0.00668031,0.011769303,0.010539406,0.012266335,0.07568083,1,9.3,27.25
36,0.808375228,0.022132246,0.010123972,0.017871137,0.015406104,0.01774703,0.108344283,1,9.2,27.8
37,0.885660698,0.012235059,0.005568026,0.01000879,0.008602093,0.00988883,0.068036504,1,7.5,28.25
38,0.908993566,0.009514468,0.00422592,0.007713548,0.006485498,0.007403845,0.055663154,1,8.55,27.45
39,0.886076263,0.012220824,0.005382837,0.009811296,0.008188255,0.009332286,0.068988239,1,8.5,27.05
40,0.89826803,0.010726334,0.004583949,0.008493662,0.006901632,0.007802806,0.063223587,1,8.05,27.2
41,0.843092387,0.017547419,0.007617221,0.013866807,0.011418484,0.012969267,0.093488415,1,7.85,26.8
42,0.83626291,0.018201352,0.007537052,0.014035363,0.011091997,0.012447076,0.10042425,1,7.3,27.4
43,0.85967958,0.015121586,0.006170586,0.011625406,0.009074735,0.010144934,0.088183173,1,6.8,26.85
44,0.901768647,0.010145851,0.004164049,0.007879204,0.006180559,0.00691572,0.06294597,1,7,26.5
45,0.951121908,0.004826334,0.002054984,0.003859272,0.003123126,0.003522185,0.031492193,1,7.55,26.3
46,0.981748678,0.001702777,0.000718174,0.00136794,0.001095944,0.001230698,0.012135789,1,8.55,26.3
47,0.977450959,0.002094322,0.000857791,0.001653295,0.001291638,0.001440723,0.015211272,1,9,25.85
48,0.993511801,0.000579646,0.000244078,0.000468989,0.000374438,0.000419483,0.004401565,1,8.6,25.65
49,0.976698008,0.002041843,0.000798777,0.001580833,0.001185919,0.001307211,0.016387409,1,9.4,25.55
50,0.983147095,0.001363917,0.000525632,0.001058248,0.000781415,0.000856325,0.012267368,1,8.45,25.05
51,0.989180657,0.000862365,0.000347008,0.000690853,0.000527546,0.000582283,0.007809288,1,8.85,24.6
52,0.916797938,0.006239349,0.00256528,0.005142102,0.00396976,0.004376593,0.060908979,1,9.65,24.7
53,0.822298131,0.012487065,0.005114555,0.010420284,0.007952991,0.008707607,0.133019368,1,10.55,24.35
54,0.822733428,0.01145285,0.004439136,0.009267661,0.006749233,0.007308002,0.138049691,1,11.05,23.9
55,0.850495443,0.009347757,0.0033681,0.007170606,0.004950876,0.005308772,0.119358446,1,10.55,23.55
56,0.936179791,0.004527105,0.001682856,0.003492253,0.002488101,0.002694892,0.048935001,1,9.45,23.35
57,0.907170808,0.006971689,0.002500028,0.005210818,0.003621869,0.003906299,0.070618489,1,9.2,23.9
58,0.888472598,0.010184032,0.003749687,0.007555007,0.005400086,0.005882709,0.078755881,1,8.35,23.9
59,0.905681215,0.009178679,0.003550576,0.006950958,0.005181589,0.005712545,0.063744438,1,7.35,24.75
60,0.84036084,0.016781104,0.006457505,0.012532909,0.009309316,0.0102611,0.104297227,1,7.4,25.45
61,0.800162586,0.022069616,0.008509986,0.016386719,0.012191076,0.013446821,0.127233195,1,6.6,25.75
62,0.768531692,0.027281459,0.011051343,0.020597333,0.015953628,0.017801143,0.138783401,1,6.1,26
63,0.764412085,0.026553779,0.009997489,0.019407711,0.01415302,0.015524917,0.149950998,1,5.8,26.95
64,0.740080643,0.030447797,0.011585313,0.022261276,0.016365715,0.017992273,0.161266983,1,5.65,25.8
65,0.821075953,0.018624522,0.006966218,0.013708736,0.0099455,0.010890891,0.118788179,1,5.3,26.1
66,0.735662391,0.029521225,0.010666352,0.021127344,0.014899747,0.016194447,0.171928494,1,6.4,25.4
67,0.713276608,0.031236766,0.010865517,0.02196468,0.015027428,0.016200215,0.191428787,1,5.4,25.25
68,0.685519853,0.03658824,0.012888937,0.0257007,0.017753758,0.019188213,0.202360299,1,5.35,24.7
69,0.658062271,0.042468785,0.015285827,0.029923774,0.021000702,0.022788443,0.210470198,1,4.8,25.05
70,0.804970162,0.019414739,0.0069731,0.014046455,0.009855227,0.01069221,0.134048107,1,4.2,25.55
71,0.792432428,0.019520889,0.006794696,0.013964415,0.009546231,0.010282372,0.147458969,1,6.4,24.8
72,0.865373723,0.011574364,0.004117839,0.008473217,0.005881906,0.006354941,0.098224009,1,6.55,24.3
73,0.695664338,0.031900987,0.010737169,0.022127081,0.014748781,0.015789839,0.209031806,1,7.4,24.25
74,0.609252864,0.045826841,0.014907856,0.030827506,0.020010681,0.021275321,0.257898931,1,5.45,24.2
75,0.604238768,0.048167265,0.015878199,0.032495555,0.021300597,0.02270108,0.255218536,1,4.3,24
76,0.528017872,0.060253609,0.018466313,0.038927123,0.024136924,0.025355553,0.304842605,1,4,24.25
77,0.577357948,0.044849412,0.013713845,0.029482095,0.018257041,0.019181652,0.297158007,1,3.35,23.3
78,0.531842839,0.052952023,0.015713006,0.034043543,0.020622372,0.021547679,0.323278538,1,4.85,23.05
79,0.663959628,0.0317952,0.010170051,0.021663577,0.013864093,0.014683488,0.243863964,1,4.3,22.75
80,0.68099772,0.030336596,0.009826452,0.020806484,0.01344638,0.014276677,0.230309691,1,5.85,23.4
81,0.82642955,0.013674741,0.004690608,0.009885392,0.00664936,0.007120374,0.131549974,1,5.9,23.55
82,0.716809988,0.022973143,0.007444098,0.016001565,0.010308858,0.010925919,0.215536429,1,7.55,23.7
83,0.748688915,0.01780822,0.005843199,0.01265642,0.008197601,0.008688062,0.198117583,1,6.85,23.25
84,0.620705235,0.027601625,0.008466046,0.018786479,0.011574579,0.012125403,0.300740632,1,7.65,23.1
85,0.591234349,0.034812935,0.010501677,0.023164677,0.014151532,0.014809072,0.311325758,1,6.95,22.55
86,0.566045566,0.04086689,0.012184894,0.02678443,0.016251977,0.016985415,0.320880828,1,6.1,22.6
87,0.493999625,0.053085689,0.015022959,0.033499379,0.019587036,0.020290405,0.364514907,1,5.5,22.6
88,0.456169921,0.065202321,0.01795808,0.040077175,0.023000029,0.02371581,0.373876664,1,4.7,22.1
89,0.418612395,0.06063029,0.015888674,0.036731803,0.020320072,0.020774737,0.427042029,7,3.8,21.85
90,0.359160804,0.074350713,0.018030395,0.042864259,0.022495103,0.022720768,0.460377958,7,4.65,21.2
91,0.347182363,0.059153848,0.014471454,0.034907315,0.018348692,0.018537113,0.507399214,7,4.15,20.35
92,0.372590663,0.052868817,0.013413908,0.031978269,0.017218431,0.017487937,0.494441975,7,5.3,20.4
93,0.503254348,0.042444033,0.012045348,0.027280077,0.015928891,0.016488393,0.38255891,1,5.6,20.75
94,0.513532411,0.036669826,0.010531255,0.023954045,0.014068417,0.014574668,0.386669378,1,5.8,21.95
95,0.399940118,0.040023495,0.010714501,0.025327628,0.014089442,0.014404926,0.49549989,7,6.4,21.95
96,0.524472999,0.028262156,0.008343671,0.019087334,0.011361602,0.011788735,0.396683504,1,6.55,21.15
97,0.447485615,0.030744155,0.008733699,0.020373894,0.01176915,0.012123373,0.468770114,7,7.45,21.95
98,0.370147764,0.029217639,0.008111932,0.019303935,0.01090833,0.011167996,0.551142404,7,7.4,21.55
99,0.280577318,0.030359709,0.00795071,0.019461171,0.010522714,0.010664727,0.640463652,7,7.75,21.2
100,0.225979199,0.039845277,0.009368889,0.023794324,0.011988032,0.011975846,0.677048433,7,7.65,20.65
101,0.273870106,0.043842187,0.010576469,0.026330874,0.013566084,0.013627254,0.618187026,7,6.95,19.8
102,0.307965319,0.050752324,0.012267493,0.030171329,0.015646055,0.01575007,0.56744741,7,6.6,20.1
103,0.288482232,0.064033945,0.014547389,0.036349498,0.018146432,0.018122858,0.560317647,7,6.05,20.2
104,0.254939282,0.070907168,0.015121896,0.038802795,0.018577592,0.018387179,0.583264088,7,5.4,19.65
105,0.202588116,0.073340593,0.014290962,0.038438089,0.017291625,0.016889129,0.637161487,7,5.35,19.05
106,0.215443746,0.054251197,0.011687924,0.030449538,0.014548828,0.014382623,0.659236143,7,5.8,18.25
107,0.164121998,0.04287666,0.00910491,0.024269039,0.011378942,0.011192847,0.737055604,7,6.3,19.1
108,0.127441012,0.050428054,0.009464264,0.026729425,0.011518351,0.011135033,0.763283862,7,7,18.9
109,0.120696643,0.041945939,0.008209928,0.022899394,0.010104803,0.00981065,0.786332644,7,7.15,17.9
110,0.160446641,0.022779435,0.005693001,0.0144749,0.007485932,0.00749888,0.781621211,7,7.35,18.2
111,0.099852154,0.019126228,0.004477505,0.011801048,0.005797226,0.005740244,0.853205594,7,8.2,20.05
112,0.066387756,0.019918594,0.004143307,0.011564288,0.005213455,0.005070729,0.887701872,7,8.3,19.45
113,0.043507025,0.011351018,0.0024923,0.006876837,0.003187478,0.003112798,0.929472543,7,8.3,18.5
114,0.027592851,0.00955163,0.001959027,0.005647657,0.002469181,0.002380314,0.95039934,7,8.75,18.8
115,0.027380503,0.011972404,0.002315496,0.006946899,0.002882432,0.002747263,0.945755003,7,9.05,18.2
116,0.042440791,0.018747333,0.003535872,0.010545679,0.004366358,0.004168006,0.91619596,7,9.35,17.7
117,0.068036011,0.03621395,0.006299824,0.019152776,0.007619861,0.007231694,0.855445885,7,8.9,17.65
118,0.033138126,0.018572369,0.003444573,0.010879237,0.004254229,0.003996391,0.925715074,7,8.45,17.2
119,0.048144688,0.033348834,0.005866828,0.019358493,0.007156957,0.006643841,0.879480359,7,10.05,17.2
120,0.264563948,0.022914904,0.006364013,0.015464576,0.008631365,0.008787747,0.673273447,7,10.4,16.75
121,0.349755082,0.023566998,0.006827119,0.016227412,0.009368446,0.00961443,0.584640512,7,8.6,20.9
122,0.502152949,0.022456499,0.006889057,0.015850434,0.009600436,0.009970865,0.433079761,1,8.65,21.3
123,0.659025074,0.018420107,0.005964105,0.013298413,0.008434195,0.008864413,0.285993692,1,8.65,21.9
124,0.734555212,0.015003392,0.005049131,0.011079931,0.007240314,0.007662067,0.219409953,1,8.65,22.5
125,0.670446982,0.016784872,0.005853083,0.012889193,0.008568925,0.009069022,0.276387925,1,8.95,22.8
126,0.577624307,0.020023868,0.00639467,0.014479466,0.009037901,0.009448805,0.362990984,1,9.95,22.65
127,0.470429401,0.020809854,0.006683774,0.015366274,0.009527215,0.009911601,0.46727188,1,8.95,22.2
128,0.543631791,0.020901244,0.007311536,0.016353591,0.010775076,0.011334299,0.389692463,1,9.65,21.9
129,0.655291099,0.019090902,0.007144891,0.015436953,0.010785343,0.0115078,0.280743012,1,10.55,22.3
130,0.72698762,0.017894116,0.007219564,0.015003329,0.011209267,0.012162752,0.209523353,1,10.9,22.85
131,0.648265688,0.024155271,0.010167733,0.020956417,0.016118002,0.017539674,0.262797215,1,11.35,23.45
132,0.529521589,0.029606305,0.012073551,0.025729204,0.018969351,0.020311781,0.36378822,1,12.05,23.4
133,0.452940968,0.027313661,0.010155732,0.02265472,0.015396524,0.016187312,0.455351084,7,12.3,22.75
134,0.452154174,0.024331915,0.008641067,0.019514787,0.012856486,0.013463346,0.469038225,7,11.7,22.15
135,0.32760865,0.022874391,0.007576099,0.017743258,0.011004511,0.011363656,0.601829434,7,11.15,22.05
136,0.22828126,0.020745925,0.006576616,0.015849952,0.009424519,0.009626594,0.709495133,7,10.85,21.5
137,0.306209451,0.020542473,0.006214366,0.014791815,0.008704785,0.008938546,0.634598565,7,10.85,21.05
138,0.163460041,0.016174649,0.004663163,0.011511141,0.006456403,0.00654348,0.791191123,7,9.6,21.3
139,0.163498627,0.016763408,0.004662479,0.01156645,0.006367382,0.006441353,0.790700301,7,9.85,20.7
140,0.051376649,0.00885244,0.00220345,0.005794045,0.002918992,0.002895299,0.925959125,7,9.35,20.6
141,0.040766205,0.006677861,0.001752458,0.004585117,0.002365024,0.002349465,0.941503869,7,9.25,19.65
142,0.106495805,0.01393115,0.004066791,0.010270328,0.005679883,0.005705664,0.853850379,7,9.95,19.8
143,0.175846549,0.020861854,0.006579502,0.016192378,0.009433858,0.009551511,0.761534348,7,10.7,20.35
144,0.340725971,0.032745436,0.012177097,0.027889872,0.018521159,0.019211226,0.548729238,7,11.3,20.7
145,0.302347902,0.040104688,0.015456884,0.035685296,0.023849335,0.024541615,0.55801428,7,12.35,21.6
146,0.236926561,0.037149098,0.013315858,0.03213143,0.019991703,0.020238728,0.640246622,7,13.1,21.3
147,0.126300427,0.023571399,0.007279864,0.018758992,0.010379773,0.01030697,0.803402574,7,12.85,20.75
148,0.06257809,0.010961585,0.003087762,0.008072143,0.004271516,0.004237096,0.906791809,7,12,20
149,0.003751803,0.000940225,0.000229133,0.000635219,0.000303536,0.000295845,0.993844239,7,11,19.85
150,0.001161224,0.000335246,7.61E-05,0.000215282,9.87E-05,9.57E-05,0.998017778,7,10.35,19
151,0.010537807,0.003982078,0.000879979,0.002606084,0.001135996,0.001085033,0.979773023,7,9.9,18.65
152,0.033390934,0.012487243,0.002985606,0.008804014,0.003935876,0.003753781,0.934642547,7,10.6,18.15
153,0.046567459,0.011356242,0.003068363,0.008387799,0.004193839,0.004093613,0.922332685,7,11.4,18.3
154,0.085288166,0.028120169,0.007786722,0.02206247,0.010695478,0.010268909,0.835778086,7,11.4,19.25
155,0.150379709,0.035372131,0.011401605,0.029749579,0.016463006,0.016190686,0.740443283,7,12.35,18.8
156,0.067361456,0.029218713,0.007250262,0.021837662,0.009629291,0.009090686,0.85561193,7,12.8,19.75
157,0.035064785,0.018156648,0.00376562,0.011825082,0.004778433,0.004484532,0.9219249,7,12.15,18.1
158,0.066457989,0.040497302,0.008719862,0.028341276,0.011123422,0.010300712,0.834559436,7,11.05,17.5
159,0.074010911,0.041495963,0.009548014,0.030403243,0.012382848,0.011505385,0.820653637,7,11.95,17.25
160,0.10234165,0.063241468,0.015612568,0.05040957,0.020485327,0.018836297,0.729073119,7,12.25,17.5
161,0.133253999,0.06555456,0.019406703,0.057904456,0.02683181,0.025017717,0.672030755,7,13.05,17.4
162,0.135634908,0.053946139,0.01648611,0.046984286,0.023175372,0.021979533,0.701793652,7,13.75,18.15
163,0.161729588,0.05228369,0.017386543,0.046805319,0.025210773,0.024321694,0.672262392,7,13.5,18.65
164,0.204528557,0.05490892,0.020275011,0.051238768,0.0305698,0.030049461,0.608429484,7,13.65,19.25
165,0.165677732,0.091591056,0.032905419,0.095085949,0.04757523,0.043728939,0.523435674,7,14,19.9
166,0.146323196,0.115771765,0.038659885,0.125268998,0.053109298,0.046919946,0.473946913,7,15.2,18.2
167,0.123517464,0.090505121,0.023781322,0.079260697,0.031312373,0.028274758,0.623348266,7,15.5,17.15
168,0.11686562,0.102207101,0.024476977,0.086400989,0.031299662,0.02793457,0.610815082,7,13.9,17.1
169,0.083886483,0.073445896,0.01405243,0.049757002,0.017314897,0.015685264,0.745858029,7,13.75,16.6
170,0.112878001,0.244158869,0.022471514,0.083083232,0.024040962,0.021673383,0.491694039,7,12.15,16.4
171,0.10082448,0.277258499,0.022904356,0.091834217,0.024256114,0.021537831,0.461384503,7,7.8,13.7
172,0.093387633,0.347668258,0.024136541,0.102045652,0.024956389,0.021920086,0.385885441,7,8.85,13.35
173,0.080241668,0.426190675,0.024358973,0.112897451,0.02459335,0.021248226,0.310469656,2,9,12.7
174,0.103532107,0.318663779,0.024195687,0.095081129,0.025196465,0.022413251,0.410917581,7,9.7,12.1
175,0.110500814,0.283749851,0.023776864,0.089719326,0.025049862,0.022463316,0.444739967,7,8.05,12.9
176,0.119910054,0.285336968,0.024959251,0.089848916,0.026224209,0.02368795,0.430032651,7,7.7,13.25
177,0.124966536,0.265679076,0.024705552,0.08693274,0.02615312,0.023739033,0.447823942,7,6.8,13.2
178,0.11862431,0.332051342,0.026927122,0.096639494,0.027726197,0.024969117,0.373062418,7,6.6,13.45
179,0.13205453,0.303275201,0.027896172,0.094762695,0.028975033,0.026351693,0.386684675,7,6.2,12.55
180,0.120101923,0.347729458,0.028113349,0.099333573,0.028701377,0.025863039,0.350157281,7,5.4,12.85
181,0.120745301,0.363462591,0.029361061,0.102214462,0.02969636,0.026762468,0.327757757,2,5.7,12.25
182,0.113239328,0.398557309,0.029765376,0.105227715,0.029652997,0.026579068,0.296978207,2,5.2,11.9
183,0.102772028,0.428054258,0.028280155,0.10474343,0.028000028,0.024911202,0.283238899,2,5.15,11.35
184,0.108176955,0.392602422,0.027723239,0.102194111,0.027876256,0.024895209,0.316531808,2,5.85,11.2
185,0.1070304,0.35913173,0.025950546,0.09845458,0.02654384,0.023681029,0.359207874,7,6.1,11.75
186,0.107884542,0.350907634,0.025792508,0.097685123,0.026465352,0.023629161,0.367635679,7,7,12.35
187,0.100024385,0.35722427,0.024825966,0.098858726,0.02550127,0.022598681,0.370966702,7,7.05,12.45
188,0.088511589,0.409799916,0.024517881,0.104340082,0.024814992,0.021729165,0.326286375,2,7.9,12.5
189,0.090940943,0.423319405,0.025049382,0.10290727,0.025171698,0.02213661,0.310474691,2,8.55,12.1
190,0.100131709,0.397283725,0.026022416,0.101212499,0.026276738,0.023308453,0.32576446,2,7.85,11.85
191,0.095320276,0.433607897,0.026296786,0.102973996,0.026191028,0.02315552,0.292454498,2,7.1,11.95
192,0.086314955,0.48555679,0.025958399,0.103764795,0.025380486,0.022301743,0.250722832,2,6.9,11.5
193,0.08856034,0.485318017,0.026794044,0.10460057,0.026089081,0.022975107,0.245662841,2,6.85,10.9
194,0.08880029,0.495196771,0.027737822,0.106044597,0.026756636,0.023577456,0.231886428,2,6.4,10.7
195,0.081734528,0.520632978,0.026310065,0.104225941,0.025278101,0.022159549,0.219658838,2,5.9,10.3
196,0.07045297,0.567923038,0.024123118,0.10083492,0.022951796,0.01995087,0.193763288,2,6.4,10.25
197,0.073919697,0.542191349,0.024203981,0.101858712,0.023314579,0.020296812,0.21421487,2,7.05,10.05
198,0.080574069,0.495314527,0.024621291,0.103362718,0.024146545,0.021092857,0.250887993,2,7.35,10.5
199,0.077611244,0.499710048,0.024044686,0.103913271,0.02361595,0.020553812,0.25055099,2,7.65,11.1
200,0.074651464,0.496877623,0.023574653,0.106452798,0.023250552,0.020124529,0.255068381,2,8.1,11.2
201,0.064051605,0.578445206,0.022152433,0.100299607,0.021258566,0.0183259,0.195466683,2,8.8,11.4
202,0.063731203,0.563217751,0.022066256,0.104166452,0.021351839,0.018327702,0.207138796,2,8.3,10.55
203,0.053204161,0.623920307,0.020107377,0.100106891,0.01913097,0.016275326,0.167254968,2,9,10.9
204,0.057530575,0.575543644,0.021687512,0.11293627,0.020922892,0.017717372,0.193661735,2,9.35,10.5
205,0.047393113,0.639496904,0.019566641,0.107732113,0.018506404,0.01553279,0.151772034,2,10.15,11
206,0.034951787,0.716251294,0.01640729,0.099136416,0.015104771,0.012507148,0.105641294,2,10.4,10.55
207,0.037785034,0.677837725,0.018507132,0.119287428,0.017065731,0.014020551,0.115496399,2,10.9,10
208,0.049875133,0.583793446,0.022767933,0.141964062,0.021571295,0.017803783,0.16222435,2,11.55,10.2
209,0.016536931,0.866400649,0.008554326,0.0503083,0.007543775,0.006234925,0.044421094,2,11.75,10.85
210,0.019232372,0.833010162,0.010330623,0.067216378,0.009151427,0.00749026,0.053568779,2,10.1,8.65
211,0.030826529,0.721121305,0.016501373,0.114295895,0.014898308,0.012125977,0.090230613,2,11.05,9.1
212,0.046920615,0.557294859,0.025247247,0.184391825,0.02344261,0.018937335,0.143765509,2,11.85,9.8
213,0.064635645,0.439898112,0.02994698,0.192886126,0.029313232,0.023997564,0.21932234,2,12.85,10.65
214,0.054834502,0.461819687,0.030616786,0.232425625,0.028871003,0.023127118,0.16830528,2,12.9,11.7
215,0.06472861,0.382018143,0.035032755,0.252938151,0.034120619,0.027338746,0.203822976,2,13.6,11.1
216,0.064870398,0.354693181,0.037318679,0.279930965,0.036332441,0.028856155,0.197998181,2,14.05,11.75
217,0.075208597,0.322707858,0.03792521,0.248698704,0.038431056,0.030980232,0.246048343,2,14.5,11.8
218,0.073260756,0.210183554,0.055000072,0.372981425,0.057026832,0.043328084,0.188219277,4,14.3,12.45
219,0.073523117,0.258671988,0.046424393,0.327266708,0.047243556,0.036884828,0.20998541,4,17,12.9
220,0.064065982,0.274219024,0.044644127,0.363137499,0.043561118,0.033615994,0.176756256,4,15.8,12.6
221,0.063472724,0.230460913,0.049968252,0.405759784,0.049127767,0.037172865,0.164037696,4,15.85,12
222,0.057929913,0.259430013,0.045183746,0.409368775,0.042996151,0.032676863,0.15241454,4,16.7,12.2
223,0.052910051,0.31647526,0.039547941,0.383534206,0.036558025,0.02806551,0.142909007,4,16.25,11.7
224,0.057672327,0.361968029,0.037143609,0.314078755,0.035091669,0.027500121,0.166545489,2,15.55,11.15
225,0.049729768,0.423722686,0.033021204,0.298588204,0.030230598,0.023682229,0.141025311,2,14.8,11.35
226,0.045248344,0.508482612,0.028277255,0.241381832,0.025701469,0.020355598,0.130552888,2,14.45,10.75
227,0.037905858,0.624849918,0.021871213,0.168879157,0.019777912,0.015886705,0.110829237,2,13.75,10.45
228,0.034523264,0.629104676,0.021690505,0.182937358,0.019232062,0.015296873,0.097215262,2,12.8,10.1
229,0.024624816,0.749103766,0.015103926,0.119198146,0.013221163,0.010595817,0.068152366,2,13.15,9.8
230,0.01747307,0.832332163,0.010376643,0.07580528,0.009036128,0.007297616,0.047679099,2,12.45,9.3
231,0.010390174,0.905463802,0.006077736,0.041073128,0.00524299,0.004262381,0.027489789,2,11.8,8.95
232,0.005659921,0.95070879,0.003351332,0.020899701,0.002845181,0.002324546,0.014210529,2,11.1,8.45
233,0.003507524,0.96889494,0.002247172,0.013697385,0.001854584,0.001510164,0.008288231,2,10.35,7.7
234,0.005335598,0.948594861,0.003378417,0.023940452,0.002848776,0.002299124,0.013602772,2,10.1,6.75
235,0.013490092,0.853915202,0.009067095,0.074642428,0.007656623,0.00609872,0.03512984,2,11.3,7.95
236,0.023350671,0.726162253,0.016218564,0.147713322,0.013813599,0.010903984,0.061837608,2,12.35,8.45
237,0.028698236,0.672599474,0.019223443,0.17168053,0.016659289,0.013176126,0.077962902,2,13.1,8.95
238,0.040426729,0.507078249,0.028007139,0.26905334,0.024781368,0.019395202,0.111257974,2,13.2,9.35
239,0.002469015,0.974839446,0.001678753,0.012414713,0.001386198,0.001111372,0.006100503,2,14.1,10.05
240,0.000238806,0.997534971,0.000170269,0.001238472,0.000137906,0.000110362,0.000569213,2,11.5,7.5
241,0.001622867,0.981458789,0.001252781,0.010063097,0.000996154,0.000788893,0.003817419,2,11.35,6.9
242,0.004614727,0.94411557,0.003617255,0.031476939,0.002885618,0.002273291,0.011016601,2,11.95,6.75
243,0.005879975,0.93300968,0.004298059,0.036023077,0.003509606,0.002781492,0.01449811,2,12.4,7.1
244,0.010631188,0.861843821,0.008444575,0.081081497,0.006790143,0.005316083,0.025892692,2,12.25,7.6
245,0.016570158,0.767600636,0.013499203,0.14222591,0.010895922,0.008473496,0.040734675,2,12.95,7.6
246,0.018075136,0.759649849,0.014063902,0.142292948,0.01153492,0.009008134,0.04537511,2,13.45,7.95
247,0.027362849,0.637682828,0.020581655,0.212318363,0.017351511,0.013532196,0.071170598,2,13.35,8.25
248,0.032378714,0.536623578,0.025363846,0.283537414,0.021473865,0.01660588,0.084016703,2,13.75,9
249,0.035461194,0.446236746,0.029213138,0.354208709,0.024789386,0.018987763,0.091103063,2,14.3,9.3
250,0.042728851,0.386686855,0.033501765,0.372127813,0.02947362,0.022615206,0.11286589,2,14.85,9.55
251,0.045456064,0.341855755,0.036234012,0.399955259,0.032273999,0.024645534,0.119579377,4,15.1,10.25
252,0.045589073,0.261556695,0.040615406,0.473998113,0.036328438,0.02720999,0.114702284,4,15.45,10.55
253,0.052651013,0.233581207,0.046151941,0.46035867,0.043004038,0.032135848,0.132117284,4,16.35,10.85
254,0.038087083,0.270834639,0.036233384,0.506927358,0.031052478,0.023144105,0.093720953,4,16.75,11.5
255,0.040355805,0.359204407,0.033812543,0.411138647,0.029309234,0.022292496,0.103886868,4,16.25,10.2
256,0.036034894,0.363111328,0.031974556,0.430868531,0.027018134,0.020439614,0.090552943,4,15.4,10.1
257,0.032913443,0.414156298,0.029238286,0.398767907,0.02429591,0.01843938,0.082188776,2,15.45,9.7
258,0.027712706,0.416752338,0.026914144,0.424324578,0.021503446,0.016193858,0.066598928,4,15.15,9.3
259,0.024372789,0.371902503,0.025995969,0.486044124,0.020085613,0.014974619,0.056624382,4,15.25,8.65
260,0.026785826,0.584193237,0.022356214,0.267013149,0.018363846,0.014139438,0.067148289,2,15.55,8.2
261,0.023453392,0.611903291,0.020583046,0.257561297,0.016528668,0.012680986,0.05728932,2,14.25,8.7
262,0.023054912,0.475689526,0.023772633,0.391959393,0.018257102,0.013729845,0.053536588,2,14.25,8.25
263,0.019663266,0.638769373,0.018797696,0.25108543,0.014539172,0.011086388,0.046058676,2,15.05,7.8
264,0.0145475,0.780944043,0.012655524,0.139519234,0.00996409,0.007707351,0.034662258,2,14.3,7.5
265,0.017889776,0.654866204,0.018046886,0.244473855,0.01361106,0.010346293,0.040765925,2,13.55,7.45
266,0.015294603,0.729329496,0.015081447,0.185517342,0.011368209,0.008689077,0.034719826,2,14.3,6.95
267,0.00892417,0.875653426,0.007670339,0.076200878,0.005987667,0.004659638,0.020903881,2,13.95,6.7
268,0.008553945,0.875857705,0.007896317,0.077803112,0.005983431,0.004637288,0.019268202,2,13.05,6.95
269,0.000691884,0.992419568,0.000534726,0.004003989,0.000422095,0.000335497,0.001592241,2,13.05,6.2
270,0.002138557,0.978549861,0.001599093,0.010619346,0.001263902,0.001013398,0.004815842,2,11.55,6.3
271,0.00680487,0.931700372,0.005365045,0.033920335,0.004154263,0.00332681,0.014728305,2,10.8,5.85
272,0.003125755,0.965782334,0.002537298,0.018110139,0.001961612,0.001557658,0.006925203,2,10.6,5.05
273,0.005811195,0.927346291,0.005198939,0.041928019,0.003920881,0.00307307,0.012721605,2,11.35,5.55
274,0.005297348,0.931563575,0.004703225,0.040272129,0.003573106,0.002794372,0.011796244,2,12.15,5.4
275,0.007942162,0.888710231,0.007445026,0.068477491,0.005575656,0.004329634,0.0175198,2,12.4,5.8
276,0.013173964,0.777321576,0.01343757,0.149636652,0.009892867,0.007575615,0.028961756,2,12.8,5.7
277,0.01576039,0.713691459,0.01743244,0.19760396,0.012447593,0.009468287,0.033595871,2,13.65,5.9
278,0.0119327,0.81992409,0.012181051,0.114768321,0.008854337,0.006824703,0.025514798,2,13.9,5.3
279,0.010118049,0.862704671,0.009861587,0.082883584,0.007235119,0.005623236,0.021573753,2,13.1,5.1
280,0.008081574,0.907587364,0.007134755,0.050374786,0.005358377,0.004230188,0.017232956,2,12.55,4.9
281,0.013011224,0.85277824,0.011963819,0.079507334,0.00883535,0.006972259,0.026931774,2,11.5,4.75
282,0.012763781,0.830628955,0.012778482,0.100767598,0.009251993,0.007194478,0.026614713,2,11.35,4.05
283,0.017598938,0.788711668,0.017598126,0.118019515,0.012644789,0.00990331,0.035523655,2,12.4,4.35
284,0.017525159,0.757964257,0.018903865,0.14644143,0.013324618,0.010303187,0.035537484,2,11.75,3.45
285,0.016648288,0.733083863,0.018644319,0.17413444,0.013093845,0.010019477,0.034375767,2,12.65,3.7
286,0.016663565,0.698025546,0.018943128,0.207855761,0.013355999,0.010148724,0.035007277,2,13.4,4.35
287,0.02194131,0.695723675,0.025073837,0.183334845,0.017279258,0.013322611,0.043324463,2,13.9,4.95
288,0.022735372,0.63772993,0.028095857,0.233255058,0.018936732,0.014424399,0.044822652,2,12.75,3
289,0.020798744,0.652226347,0.025322833,0.229653148,0.01722739,0.013099272,0.041672267,2,13.55,3.15
290,0.020160467,0.626060062,0.024976464,0.258112505,0.016992415,0.012843169,0.040854919,2,13.7,3.65
291,0.019223639,0.571893014,0.023853552,0.316232257,0.016445036,0.01233005,0.040022451,2,14.1,4.1
292,0.017296221,0.644359266,0.019534283,0.256994282,0.013981697,0.010563135,0.037271116,2,14.65,5.05
293,0.018126276,0.617869274,0.019492748,0.278978829,0.014354743,0.010847511,0.040330619,2,14.35,5.75
294,0.020665576,0.469132174,0.023140928,0.410852902,0.017110864,0.0127913,0.046306257,2,14.5,6.55
295,0.025680851,0.598121466,0.033084,0.254953842,0.021905506,0.016664215,0.04959012,2,15.15,7.1
296,0.027182382,0.513515916,0.038904581,0.325067817,0.024875534,0.018672259,0.05178151,2,13.6,2.55
297,0.024819282,0.519625479,0.034894493,0.333013768,0.022573669,0.016902059,0.04817125,2,14.45,2.4
298,0.023900471,0.480479704,0.034601232,0.375552647,0.022260411,0.016554669,0.046650866,2,14.6,3.05
299,0.023627707,0.449945932,0.035109761,0.406198143,0.022427068,0.016605345,0.046086045,2,15,3.4
300,0.021518947,0.53872654,0.028722078,0.33440836,0.019114752,0.014296383,0.04321294,2,15.25,3.5
301,0.020473849,0.549630268,0.026600433,0.330210828,0.017944993,0.01342846,0.041711169,2,14.7,4.1
302,0.026260712,0.440110946,0.040758801,0.398617693,0.025440418,0.018843436,0.049967993,2,14.7,4.5
303,0.028408217,0.395906311,0.047799152,0.425038565,0.028847024,0.021241674,0.052759057,4,15.25,2.7
304,0.025416567,0.367746693,0.042925736,0.47078732,0.026062936,0.019070142,0.047990606,4,15.65,2.05
305,0.022630464,0.343433051,0.037533734,0.512825716,0.023143463,0.016872022,0.04356155,4,15.95,2.8
306,0.021605271,0.362448384,0.033995575,0.502456962,0.02146556,0.015703162,0.042325087,4,16.1,3.55
307,0.020263906,0.400134533,0.029182728,0.476198043,0.019172777,0.014110102,0.04093791,4,15.9,4
308,0.019804686,0.406472073,0.027745421,0.473408342,0.018477113,0.013615974,0.040476391,4,15.6,4.75
309,0.019455178,0.441381573,0.025649798,0.442396329,0.017530716,0.012980114,0.040606292,4,15.55,5.05
310,0.019280089,0.48051688,0.023863029,0.405983921,0.016745415,0.012462866,0.0411478,2,15.35,5.5
311,0.019646056,0.398854389,0.023892429,0.48481575,0.017163279,0.012715346,0.04291275,4,15.15,5.95
312,0.01875653,0.362234068,0.024305237,0.525082518,0.017007461,0.012528678,0.040085509,4,15.5,6.75
313,0.016892429,0.275182025,0.024431086,0.620119811,0.016412245,0.011947783,0.035014621,4,15.7,6.35
314,0.016979584,0.264690027,0.02613468,0.628417478,0.017027351,0.012347457,0.034403423,4,16.2,5.9
315,0.019393621,0.309743747,0.030782267,0.567878624,0.019557658,0.01422251,0.038421572,4,16.35,5.35
316,0.019358698,0.273482583,0.032991125,0.601446741,0.020361097,0.014706172,0.037653584,4,16.2,4.55
317,0.015913629,0.205075727,0.027859908,0.690430452,0.017216905,0.012327557,0.031175821,4,16.55,4.2
318,0.014216059,0.178585147,0.024733627,0.727945185,0.015428797,0.011020866,0.028070319,4,16.95,4.75
319,0.014121905,0.16546153,0.02600724,0.73987652,0.015821856,0.011243582,0.027467366,4,17.05,5.1
320,0.016915905,0.195691417,0.032289469,0.689997955,0.019160549,0.013630931,0.032313774,4,17.3,4.8
321,0.01511354,0.163044001,0.029969672,0.733051631,0.017598338,0.012437166,0.028785653,4,17.3,4.15
322,0.019695349,0.23757111,0.03706128,0.630671876,0.021934421,0.015697853,0.037368112,4,17.6,4.3
323,0.022011274,0.24385117,0.043922507,0.606110161,0.025213078,0.018004075,0.040887735,4,17.05,3.7
324,0.024327375,0.300972116,0.045118791,0.538522745,0.026509106,0.01915477,0.045395096,4,17.25,3.05
325,0.027066929,0.320499219,0.050891777,0.500840744,0.029544261,0.021421103,0.049735967,4,16.65,2.8
326,0.02652359,0.275277654,0.054609613,0.542905999,0.030620054,0.021957226,0.048105864,4,16.55,2.15
327,0.025660306,0.22378145,0.060503414,0.58955013,0.032149152,0.022675888,0.04567966,4,17.2,2.05
328,0.023331976,0.212955797,0.053440735,0.618940286,0.028890856,0.020366629,0.042073721,4,18.15,1.95
329,0.020069725,0.184867641,0.045722441,0.670225623,0.024972966,0.017524371,0.036617233,4,18.05,2.45
330,0.017055999,0.145655448,0.041062821,0.7276955,0.022093787,0.015335954,0.03110049,4,18.15,3.05
331,0.016555527,0.147553384,0.038401069,0.731409934,0.021015796,0.014638469,0.030425822,4,18.6,3.45
332,0.018167513,0.147217389,0.04589485,0.715143283,0.024126971,0.016682318,0.032767677,4,18.4,3.6
333,0.02109156,0.161357041,0.056289394,0.675351054,0.02869333,0.019802799,0.037414822,4,18.85,3.2
334,0.020962096,0.15133143,0.059120423,0.682034005,0.029449283,0.020184563,0.0369182,4,19.1,2.65
335,0.024122695,0.184253898,0.064200984,0.629921258,0.032525707,0.022567125,0.042408334,4,19.45,2.65
336,0.024266587,0.161229256,0.074252853,0.638777888,0.035416905,0.024168586,0.041887925,4,19,2.1
337,0.02065181,0.127867069,0.068476407,0.694049506,0.031868438,0.021381832,0.035704938,4,19.9,2.05
338,0.017539855,0.120516698,0.051673671,0.73644909,0.025518935,0.01729426,0.031007492,4,20.45,2.8
339,0.013544401,0.098944333,0.036911578,0.794123206,0.019066897,0.01296488,0.024444705,4,19.8,3.25
340,0.012548207,0.1069503,0.029565216,0.800180254,0.016270177,0.011243746,0.023242101,4,19.45,3.9
341,0.010818517,0.097116558,0.024014403,0.824610635,0.013629012,0.009456925,0.020353951,4,18.65,4.2
342,0.009310613,0.079006392,0.021389915,0.85250409,0.012029406,0.008295164,0.017464419,4,18.4,4.6
343,0.006827582,0.056165425,0.015635645,0.893479682,0.00889215,0.006108782,0.012890734,4,18.65,4.75
344,0.009739661,0.075561499,0.024382191,0.850104381,0.013213728,0.009025038,0.017973503,4,18.75,5.15
345,0.008671159,0.08627372,0.016960404,0.853781509,0.01025516,0.007183995,0.016874052,4,19.1,4.55
346,0.008834245,0.092749643,0.016270905,0.847450825,0.010112257,0.007123178,0.017458947,4,17.9,5.4
347,0.011698374,0.143154413,0.019082944,0.780977497,0.012427575,0.008877852,0.023781347,4,17.65,5.7
348,0.008662696,0.092764621,0.014466872,0.850247532,0.00947831,0.006717455,0.017662515,4,17.05,6.05
349,0.014509006,0.192166259,0.020691479,0.717243824,0.014313797,0.010347961,0.030727674,4,17.4,6.5
350,0.019899995,0.353035829,0.024052645,0.528671261,0.017495164,0.012925607,0.043919499,4,16.6,6.85
351,0.021616268,0.338616496,0.024875074,0.533613857,0.018635595,0.01379273,0.048849981,4,15.7,7.15
352,0.017523889,0.197659476,0.022634123,0.694822527,0.016642313,0.012081294,0.038636377,4,15.75,7.75
353,0.017234278,0.107545898,0.056098767,0.744593626,0.026611036,0.017783723,0.030132672,4,16.6,7.95
354,0.017463876,0.104044168,0.059894489,0.74202094,0.027788236,0.018441322,0.03034697,4,20.4,3.4
355,0.021514538,0.120514751,0.080494621,0.681880615,0.035479869,0.023452233,0.036663372,4,20.7,3.45
356,0.023741342,0.122897396,0.098893491,0.646373317,0.041270618,0.027001793,0.039822044,4,21.15,2.85
357,0.021754742,0.108391907,0.09500704,0.673749712,0.039189069,0.025329223,0.036578308,4,21.75,2.65
358,0.021331569,0.10314201,0.096830333,0.678201126,0.039401915,0.025278285,0.035814761,4,22,3.25
359,0.017807462,0.094709405,0.069835595,0.736484423,0.030670089,0.019956777,0.030536251,4,22.2,3.5
360,0.015233167,0.084681566,0.055634106,0.77592368,0.025431128,0.016632931,0.026463422,4,21.45,3.75
361,0.011588594,0.074496059,0.035255774,0.828668846,0.017561293,0.011721059,0.020708374,4,21.1,4.05
362,0.010926029,0.062455063,0.037077885,0.840734554,0.017814996,0.011668517,0.019322957,4,20.15,4.3
363,0.008353794,0.047696107,0.027388373,0.879247673,0.013536039,0.00885614,0.014921876,4,20.8,4.7
364,0.006714878,0.045380516,0.018461675,0.900815117,0.00977318,0.006554951,0.012299683,4,20.7,5.15
365,0.004467265,0.029078749,0.0122561,0.934994363,0.006581456,0.004392196,0.008229872,4,19.75,5.05
366,0.005090316,0.0298216,0.015413591,0.927165929,0.008001555,0.005258,0.009249009,4,19.85,5.5
367,0.005217739,0.029639349,0.016200686,0.925669752,0.008355025,0.005464275,0.009453174,4,20.4,5.65
368,0.003990535,0.032379035,0.008759747,0.938544668,0.005142894,0.003531142,0.00765198,4,20.55,5.75
369,0.002201718,0.015712384,0.005273896,0.967576357,0.003021912,0.002044564,0.004169169,4,18.7,5.75
370,0.004032037,0.034551497,0.00826811,0.936831171,0.005005039,0.003460709,0.007851437,4,19.25,5.95
371,0.002324779,0.01885293,0.004617728,0.964748524,0.002880124,0.001987497,0.004588417,4,18.4,6
372,0.006850241,0.064939789,0.011429544,0.889700103,0.007626457,0.005374878,0.014078989,4,18.45,6.6
373,0.014778242,0.176753055,0.020419228,0.731280817,0.014491869,0.010469796,0.031806993,4,17.65,7.05
374,0.001599619,0.011573834,0.003126788,0.977117216,0.002012284,0.001380783,0.003189475,4,16.7,7.4
375,0.004630654,0.038288096,0.008085336,0.930393794,0.005386069,0.003757699,0.009458352,4,18.65,7.3
376,0.007144429,0.058903052,0.011635215,0.893783747,0.008024321,0.005633406,0.014875829,4,18.05,7.35
377,0.012199416,0.10154319,0.017837392,0.820189059,0.012900442,0.009159631,0.02617087,4,17.85,7.75
378,0.017182631,0.146573376,0.02283424,0.746105064,0.01712788,0.012299027,0.037877783,4,17.5,8.25
379,0.021082515,0.16966616,0.026413884,0.700328125,0.020417049,0.014737242,0.047355024,4,17.15,8.6
380,0.023272432,0.238373213,0.026964781,0.621902471,0.02088643,0.015305371,0.053295301,4,17.05,9
381,0.027140475,0.289256474,0.028908471,0.550848551,0.022981988,0.017020409,0.063843631,4,16.4,8.7
382,0.032755594,0.291221059,0.032401314,0.517481076,0.026824207,0.019975855,0.079340894,4,16.05,8.95
383,0.031815394,0.243132615,0.033340883,0.568158286,0.027554074,0.020308959,0.075689788,4,16.05,9.6
384,0.025487146,0.171037116,0.030971787,0.671970847,0.02479712,0.01787847,0.057857514,4,16.5,9.75
385,0.026675349,0.155571843,0.033378251,0.67803961,0.027030824,0.01933846,0.059965663,4,17.25,9.6
386,0.018807877,0.119885795,0.02609516,0.759853831,0.020069468,0.014208038,0.041079831,4,17.6,9.9
387,0.010825653,0.076026808,0.01682058,0.852729793,0.012158216,0.00852252,0.02291643,4,17.8,9.3
388,0.004063411,0.025772404,0.007643873,0.94563577,0.00515306,0.003522842,0.00820864,4,18,8.55
389,0.005636881,0.034505131,0.010369312,0.926046783,0.007119228,0.004869264,0.011453402,4,18.8,8.1
390,0.000960764,0.005761537,0.002116081,0.987063855,0.001330921,0.000893338,0.001873504,4,18.8,8.35
391,0.000354262,0.00241377,0.000814914,0.994925052,0.000484545,0.00032721,0.000680248,4,19.4,7.6
392,0.00095635,0.005431105,0.002511912,0.986901225,0.001447413,0.000954126,0.001797869,4,19.25,6.6
393,0.001048065,0.005899342,0.002518404,0.985975034,0.001533699,0.001017058,0.002008398,4,20.05,6.95
394,0.001702041,0.010145398,0.004639403,0.976073926,0.002573114,0.001700557,0.003165561,4,19.8,7.5
395,0.008041915,0.041616428,0.028265419,0.885064369,0.01382147,0.00889407,0.014296329,4,20.05,6.35
396,0.013624284,0.068185767,0.054537556,0.79995719,0.02444772,0.015648968,0.023598515,4,21.15,5.7
397,0.017792348,0.084677054,0.079614813,0.733148163,0.033346993,0.0211977,0.030222929,4,21.65,4.85
398,0.024587576,0.107604714,0.132072656,0.615171315,0.04914706,0.031004236,0.040412442,4,22.15,4.35
399,0.023185135,0.100338762,0.125194665,0.636582603,0.046972788,0.029440062,0.038285986,4,23.05,3.35
400,0.021870876,0.091773518,0.121088934,0.655137273,0.045615415,0.028269713,0.03624427,4,23.05,3.8
401,0.018004341,0.080701062,0.086353593,0.726913394,0.035391558,0.022188183,0.030447869,4,23.15,4.4
402,0.014890354,0.068508038,0.065704113,0.778953788,0.02847531,0.017917487,0.025550909,4,22.5,4.75
403,0.025228865,0.094253301,0.175889321,0.569622509,0.058742296,0.035424645,0.040839063,4,22.15,5.2
404,0.021967846,0.086220717,0.131750902,0.645529123,0.048656627,0.029583321,0.036291465,4,24.15,4.55
405,0.019650677,0.07983004,0.107117377,0.692825776,0.04198638,0.025706832,0.032882918,4,23.5,5.05
406,0.01844015,0.074043314,0.09744964,0.715350166,0.039534669,0.024114764,0.031067297,4,23.1,5.3
407,0.013792204,0.061263022,0.060643565,0.796846097,0.026888461,0.016786197,0.023780455,4,23,5.75
408,0.010862969,0.049233121,0.043475405,0.844023604,0.020507829,0.012871646,0.019025427,4,22.2,5.75
409,0.004005682,0.020881542,0.012440745,0.944466158,0.006620618,0.004282494,0.007302761,4,21.85,6.2
410,0.005282638,0.025204271,0.016698989,0.928300921,0.009077831,0.005804523,0.009630827,4,20.75,6.55
411,0.00494021,0.023358653,0.014307196,0.934698674,0.008243524,0.005299877,0.009151867,4,21,7.15
412,0.004434951,0.022246119,0.010502495,0.943234662,0.006662257,0.004384684,0.008534832,4,20.75,7.65
413,0.006911408,0.035564456,0.014201385,0.913561693,0.009623077,0.006439753,0.013698228,4,20,8.2
414,0.011388074,0.061876666,0.019787034,0.859400478,0.01430539,0.009789628,0.023452731,4,19.5,8.65
415,0.01704255,0.086392808,0.027579152,0.798107655,0.0208604,0.014356344,0.03566109,4,18.85,9.05
416,0.023008772,0.109842651,0.034417957,0.737663027,0.02719176,0.018862189,0.049013644,4,18.75,9.55
417,0.03600219,0.213054209,0.037968001,0.571527766,0.032358587,0.023697487,0.085391761,4,18.6,10
418,0.040317958,0.195118829,0.042952621,0.561721419,0.037673103,0.027421698,0.094794372,4,16.95,10.35
419,0.034216251,0.156683979,0.042224724,0.62876208,0.035886518,0.025538091,0.076688357,4,17.35,10.85
420,0.030683716,0.132965884,0.042228035,0.66796284,0.035095154,0.02454002,0.066524351,4,18,10.65
421,0.04015996,0.16319722,0.047769885,0.586407838,0.042072662,0.029994667,0.090397768,4,18.5,10.55
422,0.04569964,0.191091864,0.047686704,0.533522765,0.043184985,0.031419004,0.107395038,4,18.1,11.1
423,0.052895242,0.180507226,0.055002988,0.499359306,0.05206638,0.037717839,0.122451019,4,17.55,11.3
424,0.05293971,0.169522055,0.058183139,0.504827398,0.055306689,0.039650874,0.119570135,4,17.95,11.9
425,0.06213214,0.181388554,0.060015863,0.448017967,0.059872812,0.043736292,0.144836374,4,18.3,12
426,0.045069773,0.144623611,0.059791178,0.562005217,0.054344221,0.037791054,0.096374946,4,18,12.5
427,0.035190619,0.120385259,0.055872393,0.63691368,0.047244666,0.032009593,0.07238379,4,19,11.65
428,0.028321413,0.107196931,0.047237798,0.695377908,0.038071248,0.025732054,0.058062648,4,19.5,11.05
429,0.016940601,0.075809158,0.030902694,0.803621176,0.022936342,0.015446174,0.034343856,4,19.45,10.55
430,0.01459313,0.061143061,0.031616003,0.82747995,0.022159704,0.014538288,0.028469864,4,19.4,9.65
431,0.020653089,0.079991272,0.041816357,0.765461669,0.03099514,0.020405625,0.040676848,4,20.1,9.4
432,0.023683687,0.088044976,0.046662855,0.735983443,0.035467823,0.023375732,0.046781485,4,20.05,9.95
433,0.052357568,0.144241102,0.069442668,0.511944292,0.066331019,0.045861719,0.109821632,4,20.05,10.2
434,0.053555881,0.148025025,0.068365994,0.504926499,0.065777986,0.045787674,0.113560941,4,19.35,12.2
435,0.042303759,0.12270321,0.070514004,0.576226477,0.062254432,0.041479759,0.084518359,4,19.2,12.25
436,0.036196357,0.107552892,0.072034585,0.616422119,0.059403937,0.03848598,0.069904129,4,20.05,11.6
437,0.030086621,0.096048117,0.064976844,0.668460225,0.050377474,0.032398652,0.057652068,4,20.6,11.15
438,0.042739418,0.109469551,0.093695982,0.543864301,0.080257993,0.05050959,0.079463165,4,20.7,10.65
439,0.037742007,0.099971709,0.099086244,0.569310559,0.077810634,0.047638609,0.068440239,4,21.3,11.65
440,0.033278929,0.09363197,0.093299369,0.60881774,0.068780842,0.04197621,0.06021494,4,21.8,11.15
441,0.026293896,0.082614504,0.075547481,0.683724866,0.051889718,0.031973493,0.047956041,4,21.85,10.7
442,0.025440307,0.084628767,0.061143254,0.708010247,0.044501778,0.028272634,0.048003012,4,21.65,10.05
443,0.019977226,0.071903502,0.050046208,0.76385956,0.03457093,0.021996518,0.037646056,4,20.95,10.2
444,0.020924887,0.07112652,0.063897512,0.739853993,0.040904158,0.025240723,0.038052208,4,20.9,9.7
445,0.017030694,0.062730205,0.04773982,0.790704797,0.030851632,0.019402737,0.031540115,4,21.65,9.45
446,0.010868242,0.045334305,0.028822296,0.864581234,0.018270201,0.011702619,0.020421104,4,21.2,9.25
447,0.010017693,0.04301172,0.025428156,0.875686151,0.016332403,0.010538195,0.018985683,4,20.75,8.75
448,0.008214102,0.035545647,0.025031733,0.892506101,0.014453982,0.0091668,0.015081636,4,20.55,8.75
449,0.015054562,0.056320895,0.049409724,0.804986341,0.029027938,0.017977631,0.027222909,4,21.1,8
450,0.01321632,0.051255989,0.046022477,0.824263383,0.025654083,0.015873041,0.023714708,4,21.65,8.65
451,0.012206786,0.049127949,0.046599983,0.83154442,0.024053592,0.01485294,0.02161433,4,21.75,8.2
452,0.011490038,0.049082997,0.046407571,0.836584235,0.022381486,0.0139039,0.020149773,4,21.95,7.55
453,0.016756598,0.066023719,0.082736291,0.748247559,0.035868326,0.021797585,0.028569923,4,22,6.75
454,0.015809617,0.062575117,0.074711495,0.766020087,0.033409034,0.02034742,0.02712723,4,22.8,6.45
455,0.016747883,0.063575634,0.079650644,0.753047864,0.036310313,0.021928996,0.028738666,4,22.65,6.65
456,0.018815767,0.067742155,0.093813384,0.719495018,0.042623516,0.025418397,0.032091764,4,22.75,7.05
457,0.01733642,0.062724586,0.074760467,0.754897226,0.037541482,0.022605123,0.030134697,4,23,7.35
458,0.018721508,0.065156389,0.069794406,0.750018628,0.039340575,0.023832351,0.033136144,4,22.55,7.9
459,0.02166472,0.071510465,0.098157401,0.691374448,0.050299994,0.029692907,0.037300066,4,22.2,8.7
460,0.022700826,0.073484962,0.084079726,0.700510965,0.049496621,0.029685559,0.040041341,4,22.9,8.45
461,0.025716997,0.078479261,0.103897562,0.651709707,0.060136794,0.035396243,0.044663435,4,22.35,9.2
462,0.029236041,0.08504205,0.10080608,0.628392968,0.065786919,0.039161301,0.051574641,4,22.75,9.35
463,0.037690373,0.093008597,0.139130862,0.511146186,0.098170791,0.056291168,0.064562022,4,22.4,10.05
464,0.031072776,0.085084228,0.137952691,0.565451445,0.081242431,0.046372681,0.052823748,4,23.05,10.9
465,0.032550065,0.08474802,0.173478508,0.507765748,0.094964383,0.052506872,0.053986404,4,23.3,9.85
466,0.028258489,0.081137351,0.148210821,0.576306967,0.075740222,0.042928382,0.047417768,4,23.95,9.8
467,0.027340796,0.080072368,0.148505132,0.583864679,0.07299505,0.041434735,0.04578724,4,23.65,9.1
468,0.027231784,0.079990205,0.18052739,0.547948236,0.076634951,0.042937249,0.044730185,4,23.7,8.85
469,0.028062419,0.080040011,0.226109794,0.489465182,0.084564517,0.04654043,0.045217648,4,24.25,8.25
470,0.022882769,0.074842637,0.126349262,0.647815249,0.056679595,0.032943287,0.038487201,4,24.85,7.95
471,0.023515322,0.077217465,0.146483437,0.619371636,0.059795593,0.034588998,0.03902755,4,23.5,7.85
472,0.023360196,0.078452276,0.152198361,0.614212802,0.058948347,0.03425331,0.038574708,4,23.85,7.35
473,0.021636501,0.07706351,0.131850698,0.651326213,0.051636016,0.030515843,0.03597122,4,23.95,6.9
474,0.021599997,0.081153703,0.132086301,0.650035333,0.04960132,0.029754406,0.035768941,4,23.65,6.5
475,0.024540462,0.085806831,0.179284154,0.573672147,0.060964145,0.035871858,0.039860403,4,23.6,5.7
476,0.026041608,0.083071362,0.217137246,0.519957102,0.071247261,0.040667496,0.041877924,4,24.3,5.65
477,0.01640297,0.033276427,0.739526338,0.078042958,0.071376214,0.039353275,0.022021818,3,24.8,6.4
478,0.014684,0.030739697,0.76036912,0.076013822,0.063645822,0.034567139,0.0199804,3,34.05,3.5
479,0.015947923,0.035068186,0.733910206,0.091473699,0.065757828,0.035792416,0.022049741,3,33.05,3.85
480,0.013379656,0.028993096,0.773233961,0.077105577,0.057911046,0.030867426,0.018509239,3,32,3.8
481,0.013879846,0.030976754,0.757685717,0.087475318,0.059226406,0.031295045,0.019460913,3,31.9,4.4
482,0.012763935,0.028445656,0.769030532,0.085556364,0.056922829,0.029209779,0.018070905,3,31.05,4.75
483,0.009824794,0.021097527,0.822505751,0.062199399,0.046998312,0.02357114,0.013803077,3,30.4,5.65
484,0.011714102,0.025431941,0.781972284,0.079837065,0.056513806,0.02786981,0.016660991,3,30.75,6.1
485,0.00999781,0.020853362,0.812322807,0.064968573,0.052641422,0.025064322,0.014151704,3,30,6.7
486,0.013176122,0.027188093,0.747045139,0.08851157,0.071900946,0.033364201,0.018813929,3,30.1,7.4
487,0.006050468,0.011861225,0.885912538,0.035022539,0.036207167,0.016517317,0.008428746,3,29.5,8.15
488,0.0062249,0.012555259,0.884721605,0.036935193,0.034565131,0.016312509,0.008685403,3,30.75,8
489,0.005026823,0.010122695,0.909189211,0.028448136,0.027141916,0.013121141,0.006950078,3,30.85,7.35
490,0.007028076,0.014478707,0.876129318,0.039817082,0.035202758,0.017638453,0.009705606,3,31.5,6.75
491,0.003982387,0.007828523,0.929518717,0.020826148,0.021769461,0.010641228,0.005433536,3,31.75,5.95
492,0.00519138,0.010198006,0.909919307,0.026355458,0.027544035,0.013746834,0.00704498,3,32.35,6.45
493,0.009946527,0.020884499,0.82927626,0.055769079,0.04636793,0.024051729,0.013703976,3,32.8,6
494,0.010392497,0.021329632,0.825525947,0.054347239,0.048699316,0.025543935,0.014161434,3,32.05,5.1
495,0.012364171,0.025887925,0.793876036,0.066039749,0.05542046,0.029507164,0.016904494,3,32.8,4.8
496,0.011227954,0.022390018,0.81525745,0.054476112,0.053298046,0.02823446,0.015115962,3,32.65,4.4
497,0.008685272,0.017424609,0.853480008,0.044030324,0.042569529,0.022033022,0.011777236,3,33.65,4.6
498,0.007480458,0.014522208,0.87379125,0.035794742,0.038589669,0.019772505,0.010049169,3,33.05,5.15
499,0.010174487,0.019349412,0.832590704,0.045509889,0.051751349,0.02711086,0.013513298,3,33.6,5.45
500,0.012475086,0.023680953,0.7983645,0.054489398,0.061612516,0.032875015,0.016502533,3,34.5,5.05
501,0.015692814,0.029695013,0.752387202,0.066360009,0.074492601,0.040724252,0.020648109,3,34.9,4.65
502,0.014501558,0.028343846,0.768520673,0.065527067,0.067263728,0.036545808,0.01929732,3,35.45,4.1
503,0.013404156,0.026484189,0.783786823,0.062442663,0.062348097,0.033607236,0.017926836,3,34.6,4.05
504,0.014012054,0.024944434,0.774042914,0.054562562,0.074537905,0.039734165,0.018165965,3,34.2,4.2
505,0.011370598,0.020641217,0.813805437,0.046547487,0.06085692,0.031905641,0.014872701,3,36.3,5.2
506,0.010502489,0.018393259,0.824617353,0.040996326,0.060682825,0.031185023,0.013622726,3,35.55,5.35
507,0.007779594,0.014246365,0.869119316,0.033288013,0.043273868,0.022036951,0.010255892,3,35.95,6.05
508,0.00482326,0.009091872,0.916883808,0.022422986,0.026928302,0.013398735,0.006451037,3,34.8,5.85
509,0.003665796,0.006729884,0.935979747,0.016425665,0.021717695,0.010607052,0.004874161,3,33.7,6.15
510,0.002089893,0.003802814,0.962759932,0.009407275,0.012971959,0.006185532,0.002782596,3,33.95,6.6
511,0.001613152,0.003035347,0.970954879,0.007903122,0.009715255,0.004598621,0.002179624,3,33.7,7.05
512,0.00104178,0.00194675,0.980783951,0.005199356,0.006587531,0.003026781,0.001413851,3,32.75,7.1
513,0.000166814,0.00030013,0.996901751,0.00076922,0.001127461,0.000511195,0.000223429,3,32.3,7.65
514,0.001362267,0.002520035,0.974326469,0.006855835,0.009041567,0.004039503,0.001854326,3,33,7.9
515,0.004359603,0.008115752,0.91611346,0.023126876,0.029440647,0.012841966,0.006001696,3,31.95,8.15
516,0.008649839,0.016470401,0.832521339,0.049507868,0.056215516,0.024555206,0.012079832,3,31.15,8.65
517,0.011804023,0.022778304,0.770512684,0.070917937,0.074645235,0.032702031,0.016639786,3,30.35,8.85
518,0.007279045,0.01342254,0.857381607,0.039116165,0.051028375,0.021700479,0.010071789,3,29.85,9
519,0.014744374,0.027061838,0.706048838,0.083134267,0.104802084,0.043504852,0.020703746,3,30.7,9.15
520,0.010745184,0.019076077,0.782571026,0.055475429,0.083534693,0.03375415,0.014843441,3,29.7,9.9
521,0.007971247,0.01397174,0.838120439,0.03941736,0.063895844,0.02571181,0.01091156,3,30.45,9.95
522,0.003480851,0.006052592,0.930121754,0.0163379,0.027874894,0.011426639,0.004705369,3,30.95,9.85
523,0.00070629,0.001241625,0.986275429,0.003257842,0.005300669,0.002269377,0.000948766,3,31.8,9.45
524,0.000467116,0.000798737,0.991025253,0.001979391,0.00355902,0.001553259,0.000617224,3,32.45,8.8
525,0.002224611,0.003854936,0.959416557,0.009230966,0.015261433,0.007089366,0.002922131,3,33.55,8.6
526,0.002989852,0.005061049,0.944783369,0.011912937,0.021477749,0.009875123,0.003899921,3,34.35,7.7
527,0.003535672,0.006188531,0.936980684,0.014656676,0.023017454,0.01098066,0.004640322,3,34.7,8
528,0.005607749,0.009856943,0.902387393,0.022918972,0.034820812,0.01707074,0.007337391,3,34.6,7.25
529,0.006306349,0.010690489,0.888150314,0.024336833,0.042057629,0.020288759,0.008169627,3,35,6.8
530,0.008447976,0.01399523,0.850216512,0.031089531,0.057485614,0.027916583,0.010848554,3,35.5,7.35
531,0.01082284,0.018025476,0.813643362,0.039356086,0.069465725,0.034824763,0.013861746,3,36.1,7.5
532,0.007734198,0.012511646,0.857654946,0.027855222,0.057418349,0.026926758,0.009898882,3,36.55,7
533,0.005199939,0.008616232,0.904318947,0.019709512,0.037846086,0.017589703,0.00671958,3,36,8.2
534,0.010176422,0.015950472,0.809439646,0.034701381,0.079659136,0.037179724,0.012893219,3,35.35,8.05
535,0.009973431,0.015414441,0.80754774,0.033631257,0.083078494,0.037738152,0.012616484,3,36.55,8.65
536,0.006422998,0.010151919,0.874399416,0.022936918,0.054043742,0.023825207,0.008219801,3,36.4,9.1
537,0.002857824,0.004686142,0.944515525,0.011048697,0.023095023,0.010083798,0.003712991,3,35.5,9.1
538,0.006038116,0.009482744,0.879125553,0.021588275,0.053176004,0.022854747,0.007734561,3,34.55,8.85
539,0.003657301,0.005848624,0.925731737,0.013794497,0.03261931,0.013611341,0.00473719,3,35.25,9.4
540,0.001500741,0.002486677,0.969885705,0.006133249,0.012723173,0.005296678,0.001973776,3,34.4,9.5
541,0.003373224,0.005399972,0.929814969,0.013010188,0.03135197,0.012655968,0.004393709,3,33.5,9.3
542,0.002595537,0.004360361,0.946885993,0.011270329,0.022403973,0.009024088,0.003459719,3,33.85,9.8
543,0.005190117,0.008494593,0.889238629,0.021940525,0.04931427,0.018917937,0.006903929,3,32.5,9.65
544,0.004714411,0.007473791,0.897923684,0.018333521,0.047232673,0.018157068,0.006164852,3,32.3,10.25
545,0.00802804,0.013240466,0.827526542,0.035331597,0.07630393,0.028782325,0.0107871,3,33.3,10.3
546,0.012003531,0.020473472,0.748686663,0.057996046,0.104239045,0.040157016,0.016444227,3,31.6,10.5
547,0.015328629,0.025317651,0.667905573,0.071134742,0.145733502,0.05362899,0.020950913,3,30.6,10.5
548,0.014720767,0.023390006,0.664502771,0.063047113,0.158924387,0.055577085,0.01983787,3,30.4,11.1
549,0.016291216,0.025697329,0.625046331,0.069519891,0.179532924,0.061924267,0.021988041,3,30.9,11.45
550,0.018901628,0.029263898,0.554609252,0.079186707,0.219135463,0.073367213,0.025535838,3,30.7,11.65
551,0.015965364,0.024270493,0.608594283,0.063140778,0.201151123,0.065632009,0.02124595,3,30.4,12.05
552,0.011097562,0.017221843,0.739754577,0.044064948,0.128661087,0.044518006,0.014681977,3,31.2,12
553,0.010426024,0.016614678,0.764860381,0.043552581,0.110919642,0.03971138,0.013915315,3,31.95,11.35
554,0.008704391,0.013309327,0.795986952,0.032614235,0.101955699,0.036082047,0.011347349,3,31.65,11.05
555,0.011606459,0.017331916,0.711417498,0.042470243,0.151613376,0.050450137,0.015110372,3,32.95,11.15
556,0.01452151,0.021185588,0.615231564,0.052017745,0.212162903,0.065977097,0.018903592,3,32.65,11.7
557,0.014866213,0.021786888,0.6088406,0.053974801,0.21438059,0.066732242,0.019418666,3,32.25,12.25
558,0.01800458,0.026075805,0.511883055,0.065778247,0.273252523,0.081315675,0.023690115,3,32.05,12.25
559,0.017207932,0.024188702,0.496051655,0.058784101,0.297414048,0.084050608,0.022302955,3,31.3,12.7
560,0.016462993,0.022588582,0.490256309,0.052903376,0.310785965,0.085987606,0.02101517,3,31.95,12.95
561,0.016376674,0.022185295,0.480058995,0.051025206,0.321183314,0.088422377,0.020748139,3,32.75,13.1
562,0.015338745,0.02134936,0.551471854,0.049846659,0.264696513,0.077729862,0.019567007,3,33.15,13.2
563,0.013002685,0.018765299,0.65616212,0.044514029,0.190053413,0.060790422,0.016712033,3,33.1,12.75
564,0.011945863,0.017153903,0.698530078,0.039162374,0.162057607,0.055994241,0.015155934,3,33.15,12.1
565,0.00771006,0.011669802,0.823918808,0.027453783,0.086973663,0.032353796,0.009920087,3,34.3,11.75
566,0.00941613,0.013934904,0.782509326,0.031824677,0.109303016,0.041027933,0.011984013,3,34,10.85
567,0.006462464,0.009947232,0.862864706,0.022889318,0.063761175,0.025795827,0.008279277,3,34.65,11
568,0.008455673,0.012894636,0.825943229,0.028758933,0.079517861,0.033696827,0.01073284,3,34.8,10.1
569,0.011333811,0.016903169,0.766967527,0.036666195,0.107451023,0.046437997,0.014240278,3,35.65,9.85
570,0.010725736,0.01575009,0.761454997,0.034871957,0.117102805,0.046574459,0.013519956,3,36.35,10
571,0.013942414,0.019638871,0.666286747,0.042574341,0.173997724,0.06618176,0.017378143,3,35.55,10.75
572,0.013308745,0.018778062,0.669179382,0.041443635,0.176725796,0.063884513,0.016679867,3,35.8,11.55
573,0.012463787,0.017755252,0.687094227,0.039917151,0.1679324,0.059111774,0.015725409,3,35.2,11.75
574,0.015967626,0.021532663,0.543979184,0.046994801,0.265710117,0.08596946,0.01984615,3,34.7,11.75
575,0.014685381,0.020315332,0.584683345,0.045987529,0.240533955,0.075273535,0.018520922,3,34.95,12.75
576,0.016009274,0.021555237,0.508394552,0.048190145,0.298172485,0.087616396,0.020061912,3,34.05,12.55
577,0.016912566,0.022215676,0.404099878,0.05015286,0.386837076,0.09853811,0.021243833,3,34.05,13.05
578,0.016876225,0.02160076,0.338030386,0.048169554,0.449191193,0.105060241,0.021071641,5,33.25,13.7
579,0.016094253,0.0199247,0.265767244,0.043590905,0.52499297,0.109720534,0.019909393,5,33.2,14.15
580,0.01489938,0.017990437,0.20854023,0.039061845,0.592495654,0.108654458,0.018357997,5,33.25,14.7
581,0.01307301,0.015313164,0.156084374,0.032729254,0.662512848,0.104307452,0.015979898,5,33,15.15
582,0.010771639,0.012248432,0.108056065,0.025945639,0.736478912,0.093391923,0.01310739,5,32.95,15.65
583,0.00777275,0.008509159,0.065337388,0.017692236,0.815210903,0.076110344,0.00936722,5,32.6,16.15
584,0.006394825,0.006869002,0.050635077,0.014067888,0.846654372,0.06773651,0.007642325,5,32.45,16.75
585,0.005340653,0.005648356,0.040056566,0.011442313,0.870869268,0.06029949,0.006343355,5,32.65,17.05
586,0.005903857,0.006270912,0.041215976,0.012996828,0.865064707,0.061436198,0.007111522,5,32.75,17.3
587,0.003872182,0.00398935,0.024111996,0.008128289,0.910313142,0.044963625,0.004621416,5,31.75,17.2
588,0.006380313,0.006621232,0.037893146,0.013736223,0.860950133,0.066709853,0.007709099,5,31.7,17.65
589,0.004205585,0.004246128,0.023193123,0.008639443,0.905092172,0.049599231,0.005024319,5,31,17.5
590,0.006813241,0.006770439,0.033213313,0.013823397,0.854473055,0.076723866,0.008182689,5,31.15,17.9
591,0.007764984,0.00726555,0.030588909,0.014406126,0.829516697,0.10126753,0.009190203,5,30.45,18.05
592,0.004678533,0.004405692,0.019698726,0.008693502,0.890730474,0.06628818,0.005504893,5,30.05,18.8
593,0.00483605,0.004390246,0.01829565,0.008484761,0.878535244,0.07983974,0.00561831,5,30.55,18.8
594,0.006389077,0.005735753,0.022952482,0.011059404,0.842124807,0.104317048,0.007421428,5,30.5,19.3
595,0.011355684,0.009743175,0.034331242,0.018489276,0.72601216,0.18696129,0.013107172,5,30.25,19.4
596,0.015753721,0.012685903,0.039507797,0.023370345,0.602431518,0.288383681,0.017867034,5,29.6,19.85
597,0.008376213,0.006976203,0.02477956,0.01287837,0.735601099,0.201943136,0.009445419,5,29.15,20.55
598,0.00502151,0.004339714,0.016879764,0.008122717,0.846873976,0.113056447,0.005705872,5,30.25,20.45
599,0.003337544,0.002929885,0.01195361,0.005505565,0.898126722,0.074348418,0.003798257,5,30.7,20.05
600,0.001099219,0.000989873,0.004390482,0.001869683,0.966660567,0.023736928,0.001253248,5,31,19.9
601,0.001307894,0.001266322,0.006504376,0.002496943,0.967624546,0.019267497,0.001532422,5,31.55,19.65
602,0.000505753,0.000490559,0.002635959,0.000958452,0.986926269,0.007894458,0.00058855,5,31.5,18.55
603,5.56E-05,5.21E-05,0.000258084,0.00010008,0.99845604,0.001014159,6.40E-05,5,32.05,18.6
604,0.00137358,0.001359656,0.007957911,0.002659961,0.964647898,0.020402323,0.001598671,5,31.95,19.1
605,0.002941997,0.002989767,0.019051692,0.005908755,0.926305529,0.039357651,0.003444608,5,32.6,18.35
606,0.006071117,0.006373039,0.046218396,0.012675614,0.849256691,0.07226916,0.007135981,5,32.85,17.95
607,0.008413941,0.009072087,0.072664216,0.018220138,0.791211428,0.090470069,0.009948121,5,33.45,17.45
608,0.008793508,0.009299447,0.071595459,0.018276191,0.77969787,0.102063646,0.010273879,5,33.7,17
609,0.007149458,0.007273514,0.049653005,0.013985047,0.816126675,0.097569816,0.008242484,5,34.25,17.35
610,0.004751483,0.004728747,0.029832595,0.009061045,0.874343372,0.071820619,0.005462139,5,34.3,18.05
611,0.001493566,0.001439265,0.008062154,0.002749813,0.958556364,0.025986074,0.001712765,5,33.85,18.4
612,0.00201271,0.001931576,0.010802797,0.003668277,0.943212429,0.036072804,0.002299406,5,33.05,18.85
613,0.000765231,0.000722482,0.003804423,0.001370835,0.977815248,0.014648111,0.00087367,5,33.25,18.95
614,0.000954732,0.000858355,0.003954843,0.001598453,0.968177198,0.023379471,0.001076947,5,32.8,19.15
615,0.001957348,0.0017565,0.0082375,0.003238793,0.931622895,0.050994308,0.002192656,5,32.3,19.85
616,0.002405666,0.002091166,0.008761354,0.003857339,0.912445259,0.067741316,0.002697901,5,32.8,20
617,0.004292513,0.00361632,0.014291213,0.00655327,0.813340097,0.153152808,0.004753779,5,31.75,20.25
618,0.00543885,0.004503554,0.017495915,0.008034055,0.71429085,0.244284436,0.00595234,5,31.75,20.75
619,0.006984353,0.005560629,0.01973662,0.009794176,0.551632176,0.398717455,0.007574592,5,32.1,21.15
620,0.008678773,0.006888139,0.023316017,0.012292623,0.593968551,0.345328164,0.009527732,5,31.55,21.6
621,0.011899305,0.009083625,0.027955333,0.016039939,0.482746282,0.439282748,0.012992767,5,30.65,21.3
622,0.014369142,0.010823371,0.031840784,0.019103368,0.465635011,0.442505589,0.015722735,5,29.95,21.6
623,0.009944492,0.007455263,0.022879723,0.012950104,0.38584317,0.550230629,0.01069662,6,29.5,21.6
624,0.007898775,0.006059136,0.019852591,0.010539724,0.406445546,0.540714573,0.008489656,6,30.35,22.05
625,0.006796455,0.005220231,0.017469845,0.009012235,0.351108703,0.60313709,0.007255441,6,31.05,22
626,0.006567974,0.004829389,0.014798221,0.008218862,0.226656661,0.731994126,0.006934767,6,31.55,22.2
627,0.007268974,0.005094229,0.0142547,0.008532946,0.169608494,0.787660176,0.007580481,6,30.95,22.65
628,0.01121264,0.007640027,0.020042032,0.012743938,0.207152895,0.729532509,0.011675959,6,30.3,23.1
629,0.014365599,0.010086596,0.027049488,0.017168027,0.302933648,0.613143243,0.015253398,6,29.6,23.15
630,0.012921384,0.008293911,0.019999883,0.013481431,0.166767255,0.765386934,0.013149202,6,29.35,22.55
631,0.002471936,0.001670159,0.004521883,0.002721915,0.044565049,0.941536276,0.002512783,6,29.2,23.85
632,0.001491505,0.001006601,0.002735479,0.001634042,0.026369831,0.965252043,0.001510498,6,30.75,24
633,0.001600833,0.001125988,0.003283121,0.001854494,0.036975064,0.953518044,0.001642456,6,30.95,24.15
634,0.003529092,0.00259683,0.008207665,0.004348766,0.112717751,0.864926217,0.003673679,6,31.45,23.7
635,0.006785966,0.005387869,0.019657512,0.009317869,0.428714328,0.522883499,0.007252956,6,31.95,23.15
636,0.006097824,0.004716264,0.016438462,0.008031868,0.281102846,0.677174056,0.006438679,6,32.55,22.05
637,0.007458993,0.005951096,0.022225751,0.010199213,0.394456768,0.551786366,0.007921813,6,32.6,22.55
638,0.008159487,0.00668564,0.026469385,0.011549983,0.49206638,0.446343715,0.008725411,5,33.25,22.25
639,0.007062867,0.00595694,0.024964119,0.010483177,0.64185267,0.302023296,0.00765693,5,33.65,21.9
640,0.004829757,0.004169819,0.018179292,0.007485019,0.790228192,0.169797878,0.005310043,5,33.5,21.3
641,0.005623447,0.005003783,0.023720382,0.009023005,0.790767507,0.159654217,0.00620766,5,33.1,20.75
642,0.004954587,0.004509025,0.022558431,0.008225037,0.83273084,0.121508207,0.005513874,5,33.8,20.4
643,0.005358988,0.005084399,0.028423935,0.00943804,0.842787292,0.102869385,0.006037961,5,33.85,20
644,0.008395649,0.008206972,0.050442636,0.015286403,0.772497279,0.13567571,0.00949535,5,34.15,19.3
645,0.010534508,0.010488862,0.068369877,0.019566026,0.725757805,0.153341418,0.011941503,5,34.85,18.85
646,0.010644442,0.010184535,0.059254666,0.018570175,0.704550092,0.184909798,0.011886292,5,35.3,18.55
647,0.007300255,0.006788297,0.036301756,0.012374908,0.774740747,0.154362332,0.008131705,5,35.4,19.35
648,0.009542797,0.008807107,0.046449268,0.015850487,0.705016963,0.20378428,0.010549098,5,34.55,19.75
649,0.01303132,0.012225903,0.067434057,0.021852689,0.633845693,0.237231914,0.014378424,5,35.05,20
650,0.014980705,0.013626243,0.069104417,0.023803163,0.562357737,0.29984394,0.016283793,5,35.95,19.85
651,0.011797225,0.010650532,0.053200542,0.018798128,0.621506364,0.271167631,0.012879579,5,36.35,20.6
652,0.008232048,0.007294738,0.034617056,0.012977491,0.69503704,0.232830015,0.009011612,5,35.5,20.55
653,0.009104891,0.007818049,0.034498243,0.013683577,0.606604755,0.318442325,0.009848159,5,34.45,20.65
654,0.010636438,0.009309528,0.04309182,0.016297862,0.601771366,0.307367612,0.011525374,5,34.4,21.25
655,0.013394102,0.011707778,0.054006526,0.020226947,0.535345529,0.350911454,0.014407665,5,35,21.05
656,0.011315452,0.009696298,0.042740204,0.016767993,0.539303296,0.368024937,0.012151819,5,35.75,21.3
657,0.010456812,0.008658378,0.035334737,0.014807364,0.463204869,0.456417431,0.011120411,5,35.05,21.5
658,0.009227095,0.00769844,0.031847365,0.013309005,0.521131886,0.406902432,0.009883777,5,34.6,22.05
659,0.015597953,0.01333528,0.058163198,0.022583731,0.459626134,0.414134752,0.016558953,5,34.2,21.75
660,0.013945881,0.011635851,0.048215556,0.019624362,0.430294373,0.461557747,0.01472623,6,36.25,21.95
661,0.013484573,0.010914041,0.042370852,0.018166042,0.363923085,0.537059156,0.014082251,6,35.7,22.3
662,0.014868689,0.011931186,0.04535101,0.019656167,0.341259555,0.551511022,0.015422372,6,35.5,22.9
663,0.016948104,0.013407362,0.04918749,0.021763073,0.315492874,0.565797521,0.017403576,6,35.85,23.25
664,0.013616818,0.010453101,0.036386123,0.016917837,0.260738954,0.647988364,0.013898802,6,36.3,23.8
665,0.011273109,0.008775746,0.031525369,0.01443959,0.276708528,0.645638752,0.011638905,6,35.45,24.1
666,0.009156416,0.007218417,0.026587629,0.012097266,0.308891018,0.626475855,0.009573398,6,34.9,23.5
667,0.007548106,0.005791073,0.020208353,0.009616503,0.224582307,0.724427564,0.007826094,6,34.2,22.9
668,0.005472776,0.004127394,0.013892375,0.006856907,0.165480803,0.798501326,0.005668419,6,33.85,23.3
669,0.002330325,0.001689711,0.005264734,0.002783453,0.059737732,0.925800916,0.002393129,6,33.25,23.35
670,0.005754102,0.004263619,0.013939144,0.006973808,0.136642556,0.826539052,0.005887719,6,32.45,23.7
671,0.008434005,0.006338018,0.021290866,0.010336862,0.189601133,0.755373543,0.008625573,6,33.6,23.9
672,0.008368525,0.006246353,0.020718613,0.010149278,0.178583659,0.767401741,0.00853183,6,34.25,23.95
673,0.013868468,0.010373195,0.034314125,0.016563251,0.226301962,0.684584624,0.013994375,6,34.25,24.1
674,0.013571598,0.009848024,0.030815669,0.015524189,0.192056162,0.724652449,0.01353191,6,35.4,24.7
675,0.009353302,0.006767232,0.021183427,0.010780613,0.153191617,0.789341669,0.00938214,6,35.15,25.3
676,0.005981327,0.004254917,0.012947725,0.006792387,0.101190485,0.862837395,0.005995764,6,34.4,24.9
677,0.000623781,0.000432944,0.001254833,0.000698416,0.011615982,0.984745268,0.000628776,6,33.7,24.85
678,0.001221144,0.000843961,0.002436216,0.001352561,0.021102941,0.971818863,0.001224315,6,32.25,24.45
679,0.00014685,9.93E-05,0.000273275,0.000159937,0.002508889,0.996664066,0.000147717,6,32.5,24.7
680,0.000806259,0.000526765,0.001384074,0.000831455,0.010742153,0.984913575,0.000795718,6,31.45,24.45
681,0.001204754,0.000780439,0.002011326,0.001236542,0.016012874,0.977561447,0.001192617,6,31.55,25.2
682,0.004439479,0.002895301,0.007385774,0.004666627,0.064568944,0.911575509,0.004468366,6,31.05,25
683,0.007530178,0.00468979,0.011178673,0.007427336,0.08434627,0.877373735,0.007454018,6,30.25,24.3
684,0.01077044,0.00640328,0.014411823,0.009922239,0.094628579,0.853436762,0.010426877,6,29.8,24.8
685,0.012391858,0.007196687,0.015821065,0.010990759,0.096178508,0.845608806,0.011812317,6,29.6,25.5
686,0.004659299,0.002880116,0.006918613,0.004488843,0.048499645,0.92801643,0.004537054,6,29.7,26.05
687,0.006184495,0.003754151,0.008838265,0.005777398,0.05722801,0.912271119,0.005946562,6,30.5,25.5
688,0.004549308,0.002823025,0.006887381,0.004352067,0.045156403,0.93184545,0.004386367,6,30.65,26
689,0.010015293,0.006021972,0.014097729,0.00908689,0.080343771,0.870976658,0.009457687,6,31.25,26.05
690,0.011614736,0.006796884,0.015298498,0.010228518,0.086469998,0.858674748,0.010916619,6,31.45,26.95
691,0.014005284,0.008073053,0.017817114,0.012067298,0.096930715,0.838038544,0.013067991,6,30.75,26.9
692,0.017886982,0.010286577,0.022673458,0.015183018,0.114007247,0.803457811,0.016504907,6,30.65,27.15
693,0.015923718,0.009423493,0.021579317,0.013986283,0.110399269,0.81387659,0.014811331,6,31.25,27.85
694,0.019622519,0.011804994,0.027545528,0.01741652,0.132397472,0.772999114,0.018213852,6,31.85,27.75
695,0.015500637,0.009738976,0.024189781,0.014596624,0.124523696,0.796805463,0.014644823,6,32.7,28.2
696,0.010898879,0.00675707,0.01652561,0.010201742,0.092157947,0.853126761,0.010331991,6,33.25,27.55
697,0.007648328,0.004784943,0.011862486,0.007294192,0.070962202,0.890136079,0.00731177,6,32.4,27.1
698,0.004066807,0.002640758,0.006920164,0.004097271,0.046481539,0.931837118,0.003956343,6,32.15,26.65
699,0.004033651,0.002725875,0.007610367,0.004281491,0.054712358,0.922660264,0.003975994,6,32.35,25.95
700,0.009465086,0.00642732,0.01805089,0.009970739,0.112340224,0.834490499,0.009255242,6,32.95,25.5
701,0.008508713,0.005529739,0.0145073,0.008480881,0.087310729,0.867454866,0.008207771,6,33.85,26.05
702,0.013166059,0.008559069,0.022384241,0.012994482,0.122235231,0.808048297,0.012612622,6,33.05,26.5
703,0.016701721,0.010874514,0.02838358,0.016398033,0.144928546,0.766780703,0.015932902,6,33.65,27
704,0.020694523,0.013234839,0.033471095,0.019714536,0.158350385,0.735004251,0.019530371,6,34.1,27.35
705,0.016227087,0.010943383,0.030144569,0.016685808,0.158822143,0.751499207,0.015677803,6,34.2,27.95
706,0.015736483,0.011140866,0.033252044,0.01729307,0.18625191,0.720836324,0.015489303,6,34.65,26.85
707,0.018262142,0.013008323,0.039028437,0.020116007,0.205399405,0.686230779,0.017954907,6,35.25,26
708,0.010609515,0.007455804,0.022145204,0.011685481,0.142166321,0.795445124,0.01049255,6,35.7,26.15
709,0.145618598,0.07838858,0.080600993,0.121437659,0.197410379,0.193772924,0.182770867,5,34.4,25.6
710,0.174726366,0.083639391,0.072933891,0.121569463,0.161552489,0.161376689,0.224201712,7,21.3,20.8
711,0.206976701,0.082936324,0.064231726,0.112199228,0.134997647,0.139518806,0.259139568,7,20.15,20.9
712,0.219778724,0.079952156,0.062109042,0.105813618,0.132448663,0.141316564,0.258581233,7,19.2,21.35
713,0.261430212,0.074359075,0.055093563,0.092570142,0.116178326,0.130521793,0.269846888,7,19.1,21.85
714,0.254029179,0.07403956,0.057062436,0.093317604,0.12342199,0.140406046,0.257723185,7,18.45,22.8
715,0.231987488,0.073887781,0.061486481,0.09610849,0.139674773,0.160949486,0.235905501,7,18.75,22.95
716,0.213739993,0.077374302,0.064350049,0.103640879,0.144242356,0.15847721,0.238175211,7,19.4,23
717,0.199352105,0.079070748,0.067222947,0.108730383,0.151317651,0.161995451,0.232310715,7,19.55,22.25
718,0.179338186,0.076911522,0.071673053,0.109585711,0.171264887,0.184034837,0.207191804,7,19.8,21.85
719,0.148962854,0.074063599,0.078150562,0.112116326,0.201079625,0.209328613,0.176298421,6,20.5,21.85
720,0.147002345,0.070408491,0.076992838,0.105662627,0.207384041,0.225590237,0.166959421,6,21.45,21.45
721,0.159282756,0.070490326,0.074217328,0.102813259,0.196608809,0.22141326,0.175174263,6,21.7,21.9
722,0.174297095,0.071277792,0.071490604,0.101085367,0.183865812,0.211296061,0.186687269,6,21.4,22.3
723,0.173715119,0.069170278,0.070865378,0.097517793,0.186737711,0.221735657,0.180258063,6,21,22.6
724,0.192927259,0.072244269,0.068334583,0.099387462,0.169142125,0.196575012,0.20138929,7,21.15,22.95
725,0.230115279,0.070820113,0.062213169,0.092043513,0.14768275,0.178745236,0.218379939,1,20.5,22.85
726,0.251660329,0.071017258,0.058767756,0.089901455,0.133971367,0.160625804,0.23405603,1,19.75,23.65
727,0.294570287,0.067947571,0.052845515,0.081977212,0.11596954,0.141715489,0.244974385,1,19.2,23.7
728,0.200539166,0.067967362,0.066218033,0.091282815,0.169971833,0.213799582,0.19022121,6,18.45,24.35
729,0.205805914,0.06654694,0.065130822,0.088272822,0.16833072,0.218667582,0.1872452,6,20.65,23.85
730,0.245817128,0.067636644,0.060136651,0.085733608,0.144701405,0.185533495,0.210441068,1,20.65,24.3
731,0.233457864,0.065717529,0.061584242,0.083948205,0.154125439,0.20621244,0.194954281,1,19.7,24.6
732,0.16169068,0.058059002,0.066648884,0.079404212,0.197703843,0.292757392,0.143735986,6,20.15,25.05
733,0.176136968,0.06180803,0.067064142,0.084071513,0.18905499,0.262327331,0.159537025,6,22.15,25.1
734,0.165071249,0.063525597,0.069634998,0.088942206,0.19680355,0.255813662,0.160208739,6,21.6,24.65
735,0.157472727,0.062848393,0.070485335,0.089056445,0.202846538,0.262200485,0.155090075,6,21.7,23.8
736,0.136968374,0.059171251,0.071588169,0.086164708,0.220418561,0.288327152,0.137361784,6,21.9,23.65
737,0.142929084,0.057249909,0.068848604,0.081178747,0.212855531,0.301489544,0.135448582,6,22.55,23.5
738,0.122206675,0.051866401,0.067518401,0.074835933,0.226241468,0.341284774,0.116046349,6,22.55,24.3
739,0.096624658,0.044810518,0.064670557,0.066493543,0.24273928,0.391204963,0.093456482,6,23.3,24.45
740,0.11340561,0.04728849,0.064000625,0.067452189,0.22352605,0.38070491,0.103622126,6,24.25,24.35
741,0.115477581,0.052320462,0.069531494,0.077371999,0.236612693,0.334316228,0.114369543,6,23.8,25.25
742,0.125120478,0.057494906,0.072693555,0.085593578,0.232273418,0.298350163,0.128473902,6,23.4,23.8
743,0.138618447,0.062979782,0.074277942,0.09328948,0.219825338,0.26478732,0.146221692,6,22.9,23.2
744,0.13809816,0.065069119,0.075921375,0.097549775,0.219863604,0.253274954,0.150223013,6,22.3,22.8
745,0.110506895,0.060706253,0.08027965,0.096777319,0.253741674,0.272263629,0.125724579,6,22.2,22.4
746,0.117729039,0.062033443,0.079108683,0.097194161,0.243781023,0.26775186,0.13240179,6,23.1,21.7
747,0.116926931,0.066888881,0.083670288,0.108034895,0.242708491,0.242298539,0.139471975,5,22.85,21.9
748,0.114766376,0.057290165,0.075262321,0.087988547,0.245729797,0.296127619,0.122835176,6,22.65,21.1
749,0.089133477,0.05127498,0.077212936,0.083412678,0.283828431,0.315813817,0.099323682,6,23.15,22.6
750,0.077709843,0.045045681,0.072663237,0.07337952,0.295903726,0.350448749,0.084849243,6,24.1,21.9
751,0.08762243,0.047610251,0.072181682,0.075517182,0.276804529,0.346611704,0.093652223,6,24.7,22.2
752,0.094028788,0.047334683,0.069236405,0.072742632,0.260020096,0.360158276,0.09647912,6,24.3,22.6
753,0.100763149,0.049092775,0.069520174,0.074536019,0.252244581,0.351489709,0.102353594,6,24.15,23.3
754,0.060421622,0.582965236,0.040532128,0.146193958,0.032421305,0.027269324,0.110196426,2,23.9,23.45
755,0.051756739,0.616845052,0.037578947,0.144344477,0.02938852,0.024432752,0.095653513,2,5.2,2.15
756,0.047380764,0.64268307,0.034415275,0.137312213,0.026908464,0.022308897,0.088991317,2,6.35,1.95
757,0.053945813,0.614774044,0.036968919,0.140070421,0.029382598,0.024574485,0.10028372,2,6.75,2.3
758,0.057548562,0.603266936,0.03753113,0.1390247,0.030240585,0.025442074,0.106946013,2,5.9,2.4
759,0.062208743,0.585626156,0.038836064,0.13985859,0.031670147,0.026802116,0.114998184,2,5.4,2.7
760,0.061729051,0.593336303,0.037260443,0.135481971,0.030652051,0.025991165,0.115549015,2,4.85,2.9
761,0.05869223,0.608069138,0.035707266,0.13252527,0.029308289,0.024794403,0.110903404,2,4.85,3.35
762,0.053286298,0.632947385,0.033402356,0.128431368,0.027196048,0.02288799,0.101848554,2,5.15,3.45
763,0.049633257,0.643859565,0.033137853,0.130247709,0.026523955,0.022170836,0.094426826,2,5.7,3.45
764,0.049078031,0.649483699,0.032277841,0.127555279,0.025942317,0.021702684,0.093960148,2,6.2,3
765,0.041460824,0.666529793,0.032279119,0.136254717,0.024746564,0.020314909,0.078414073,2,6.2,3.2
766,0.041992675,0.676490799,0.030402874,0.12713822,0.023797926,0.019670704,0.080506801,2,7.65,2.15
767,0.044053362,0.674065892,0.029964354,0.123057043,0.023865811,0.019854674,0.085138864,2,7.2,2.75
768,0.04288982,0.685302681,0.028396754,0.117761521,0.022788686,0.018986823,0.083873715,2,6.75,3.2
769,0.043111408,0.687733859,0.027810074,0.115209426,0.022477692,0.018768076,0.084889465,2,6.75,3.55
770,0.051398151,0.64888718,0.031020914,0.121478789,0.025513954,0.021506175,0.100194838,2,6.65,3.8
771,0.060334303,0.607651281,0.0346504,0.128409746,0.028871604,0.024539384,0.115543281,2,5.8,4
772,0.058698475,0.618340378,0.033149088,0.124618815,0.027739409,0.023579634,0.113874202,2,4.95,4.05
773,0.052047613,0.650874861,0.03010013,0.117995451,0.02503657,0.021171609,0.102773767,2,5.1,4.35
774,0.054861337,0.641408402,0.030250283,0.117215183,0.02547227,0.021637679,0.109154845,2,5.7,4.45
775,0.040427826,0.714132772,0.024066355,0.102137916,0.019888137,0.016679237,0.082667757,2,5.45,4.85
776,0.041908647,0.708755454,0.024180633,0.101808082,0.020146698,0.016945431,0.086255056,2,6.7,4.8
777,0.034609291,0.747382915,0.02108908,0.093345236,0.01733625,0.014469278,0.07176795,2,6.55,5.05
778,0.046783014,0.674724871,0.028309512,0.114581938,0.023273808,0.019564065,0.092762793,2,7.2,4.9
779,0.037146566,0.726155911,0.023673475,0.102714107,0.019212975,0.016003984,0.075092983,2,6.2,4.25
780,0.028904943,0.775874389,0.019063401,0.088483368,0.015351605,0.012694484,0.05962781,2,7.1,4.3
781,0.032660958,0.749239959,0.021795625,0.09816085,0.017478882,0.014469897,0.066193827,2,7.85,4.5
782,0.038257548,0.709412838,0.026162318,0.112669864,0.020818172,0.017253833,0.075425428,2,7.6,4.15
783,0.034408392,0.726519256,0.02481139,0.110900581,0.01946125,0.016019435,0.067879695,2,7.25,3.55
784,0.035606901,0.707947775,0.027327246,0.121836969,0.021050735,0.017240633,0.068989742,2,7.8,3.35
785,0.029668598,0.749988215,0.022679911,0.107070313,0.017510755,0.014294377,0.058787832,2,8.05,2.75
786,0.030991616,0.748914791,0.022480778,0.103715838,0.017614934,0.014462676,0.061819368,2,8.5,3.25
787,0.028314794,0.772105691,0.019890326,0.093518208,0.015737845,0.012939,0.057494136,2,8.1,3.55